2017 TOPPS HERITAGE BASEBALL,,
Base,,
1 DJ LeMahieu,Colorado Rockies,
Joey Votto,Cincinnati Reds,
Daniel Murphy,Washington Nationals,
2 Dustin Pedroia,Boston Red Sox,
Mookie Betts,Boston Red Sox,
Jose Altuve,Houston Astros,
3 Matt Kemp,Atlanta Braves,
Anthony Rizzo,Chicago Cubs,
Nolan Arenado,Colorado Rockies,
4 Edwin Encarnacion,Toronto Blue Jays,
Albert Pujols,Angels,
David Ortiz,Boston Red Sox,
5 Chris Carter,Milwaukee Brewers,
Nolan Arenado,Colorado Rockies,
Kris Bryant,Chicago Cubs,
6 Mark Trumbo,Baltimore Orioles,
Nelson Cruz,Seattle Mariners,
Khris Davis,Oakland Athletics,
7 Kyle Hendricks,Chicago Cubs,
Jon Lester,Chicago Cubs,
Noah Syndergaard,New York Mets,
8 Justin Verlander,Detroit Tigers,
Aaron Sanchez,Toronto Blue Jays,
Masahiro Tanaka,New York Yankees,
9 Max Scherzer,Washington Nationals,
Jake Arrieta,Chicago Cubs,
Jon Lester,Chicago Cubs,
10 Corey Kluber,Cleveland Indians,
J.A. Happ,Toronto Blue Jays,
Rick Porcello,Boston Red Sox,
11 Robbie Ray,Arizona Diamondbacks,
Madison Bumgarner,San Francisco Giants,
Max Scherzer,Washington Nationals,
12 Justin Verlander,Detroit Tigers,
Chris Sale,Chicago White Sox,
Chris Archer,Tampa Bay Rays,
13 Francisco Cervelli,Pittsburgh Pirates,
14 Logan Forsythe,Tampa Bay Rays,
15 Logan Morrison,Tampa Bay Rays,
16 Manny Margot,San Diego Padres,Rookie
Hunter Renfroe,San Diego Padres,Rookie
17 Rougned Odor,Texas Rangers,
18 Nate Jones,Chicago White Sox,
19 Corey Dickerson,Tampa Bay Rays,
20 Adam Jones,Baltimore Orioles,
21 Lonnie Chisenhall,Cleveland Indians,
22 Keon Broxton,Milwaukee Brewers,
23 David Wright,New York Mets,
24 Ryan Schimpf,San Diego Padres,
25 Aaron Hicks,New York Yankees,

26 Howie Kendrick,Philadelphia Phillies,
27,Tampa Bay Rays,Team Card
28 Jorge Soler,Kansas City Royals,
29 Adam Plutko,Cleveland Indians,Rookie
Perci Garner,Cleveland Indians,Rookie
30 Tyler Flowers,Atlanta Braves,
31 Justin Grimm,Chicago Cubs,
32 Jorge Polanco,Minnesota Twins,
33 Jhonny Peralta,St. Louis Cardinals,
34 Ryan Madson,Oakland Athletics,
35 Anthony DeSclafani,Cincinnati Reds,
36 Josh Bell,Pittsburgh Pirates,Rookie
Tyler Glasnow,Pittsburgh Pirates,Rookie
37 Mike Napoli,Cleveland Indians,
38,Philadelphia Phillies,Team Card
39 Yasmany Tomas,Arizona Diamondbacks,
40 Jordan Zimmermann,Detroit Tigers,
41 Melky Cabrera,Chicago White Sox,
42 Austin Brice,Miami Marlins,Rookie
Yefri Pérez,Miami Marlins,Rookie
43 Arodys Vizcaino,Atlanta Braves,
44 Eduardo Nunez,San Francisco Giants,
45 Scott Kazmir,Los Angeles Dodgers,
46 Lucas Duda,New York Mets,
47 Collin McHugh,Houston Astros,
48 Seth Smith,Seattle Mariners,
49 Danny Espinosa,Angels,
50 Denard Span,San Francisco Giants,
51 Derek Norris,Washington Nationals,
52 Welington Castillo,Baltimore Orioles,
53 C.J. Cron,Angels,
54 J.T. Realmuto,Miami Marlins,
55 Josh Phegley,Oakland Athletics,
56 Hernan Perez,Milwaukee Brewers,
57 Cameron Maybin,Angels,
58 Tony Watson,Pittsburgh Pirates,
59 Jose Peraza,Cincinnati Reds,
60 Carl Edwards Jr.,Chicago Cubs,
61 Marco Estrada,Toronto Blue Jays,
62 Nick Markakis,Atlanta Braves,
63 Alex Wilson,Detroit Tigers,
64 Russell Martin,Toronto Blue Jays,
65 Cody Allen,Cleveland Indians,
66 Kyle Hendricks,Chicago Cubs,
67 Sean Doolittle,Oakland Athletics,
68 Yunel Escobar,Angels,
69 Tony Renda,Cincinnati Reds ,Rookie
Wandy Peralta,Cincinnati Reds ,Rookie
70 Gerrit Cole,Pittsburgh Pirates,
71 Pat Neshek,Philadelphia Phillies,
72 Jonathan Villar,Milwaukee Brewers,
73 Nick Hundley,Colorado Rockies,

74 Matt Wieters,Baltimore Orioles,
75 Brandon Finnegan,Cincinnati Reds,
76 Dansby Swanson,Atlanta Braves,Rookie
Rio Ruiz,Atlanta Braves,Rookie
77 Yadier Molina,St. Louis Cardinals,
78 Pedro Baez,Los Angeles Dodgers,
79 Adrian Gonzalez,Los Angeles Dodgers,
80 Eddie Rosario,Minnesota Twins,
81 Adam Rosales,San Diego Padres,
82 Leonys Martin,Seattle Mariners,
83 Grant Dayton,Los Angeles Dodgers,Rookie
Jose De Leon,Los Angeles Dodgers,Rookie
84 Evan Longoria,Tampa Bay Rays,
85 Brett Gardner,New York Yankees,
86 Danny Valencia,Seattle Mariners,
87 Starlin Castro,New York Yankees,
88 Kyle Seager,Seattle Mariners,
89 Wilson Ramos,Tampa Bay Rays,
90 Billy Hamilton,Cincinnati Reds,
91 Jon Lester,Chicago Cubs,
Jake Arrieta,Chicago Cubs,
92 R.A. Dickey,Atlanta Braves,
93 Aaron Nola,Philadelphia Phillies,
94 Francisco Liriano,Toronto Blue Jays,
95 Eduardo Escobar,Minnesota Twins,
96 Gerardo Parra,Colorado Rockies,
97 Javier Baez,Chicago Cubs,
98 Jace Peterson,Atlanta Braves,
99 Christian Bethancourt,San Diego Padres,
100 Adam Wainwright,St. Louis Cardinals,
101 Jose Iglesias,Detroit Tigers,
102 Richie Shaffer,Cincinnati Reds,
103 Miguel Montero,Chicago Cubs,
104 Carlos Santana,Cleveland Indians,
105 Adam Lind,Seattle Mariners,
106 Dexter Fowler,St. Louis Cardinals,
107 Roberto Osuna,Toronto Blue Jays,
108 Seung-Hwan Oh,St. Louis Cardinals,
109 Chris Iannetta,Seattle Mariners,
110 Mallex Smith,Atlanta Braves,
111 Tanner Roark,Washington Nationals,
112 Matt Wisler,Atlanta Braves,
113 Alex Bregman,Houston Astros,Rookie
Yulieski Gurriel,Houston Astros,Rookie
114 Tom Koehler,Miami Marlins,
115 Elvis Andrus,Texas Rangers,
116 Asdrubal Cabrera,New York Mets,
117 Carson Fulmer,Chicago White Sox,Rookie
Yoan Moncada,Chicago White Sox,Rookie
118 Travis Shaw,Milwaukee Brewers,
119 Carlos Beltran,Houston Astros,
120 CC Sabathia,New York Yankees,

121,Jeff Samardzija,San Francisco Giants,,,
122,Brandon Drury,Arizona Diamondbacks,,,
123,Cam Bedrosian,Angels,,,
124,Chad Qualls,Colorado Rockies,,,
125,Steven Wright,Boston Red Sox,,,
126,Matt Duffy,Tampa Bay Rays,,,
127,Juniel Querecuto,Tampa Bay Rays,Rookie,,
,Eddie Gamboa,Tampa Bay Rays,Rookie,,
128,,Minnesota Twins,Team Card,,
129,,Colorado Rockies,Team Card,,
130,Eugenio Suarez,Cincinnati Reds,,,
131,Andre Ethier,Los Angeles Dodgers,,,
132,Cheslor Cuthbert,Kansas City Royals,,,
133,,Arizona Diamondbacks,Team Card,,
134,Angel Pagan,San Francisco Giants,,,
135,Phil Gosselin,Arizona Diamondbacks,,,
136,Ricky Nolasco,Angels,,,
137,Adeiny Hechavarria,Miami Marlins,,,
138,Justin Turner,Los Angeles Dodgers,,,
139,J.A. Happ,Toronto Blue Jays,,,
140,Brock Holt,Boston Red Sox,,,
141,Glen Perkins,Minnesota Twins,,,
142,Byung-Ho Park,Minnesota Twins,,,
143,Marwin Gonzalez,Houston Astros,,,
144,Ryan Zimmerman,Washington Nationals,,,
145,,New York Mets,Team Card,,
146,Stephen Vogt,Oakland Athletics,,,
147,,Chicago White Sox,Team Card,,
148,Clay Buchholz,Philadelphia Phillies,,,
149,,Oakland Athletics,Team Card,,
150,Jung Ho Kang,Pittsburgh Pirates,,,
151,Corey Kluber,Cleveland Indians,World,Series,Highlights
152,Kyle Schwarber,Chicago Cubs,World,Series,Highlights
153,Coco Crisp,Cleveland Indians,World,Series,Highlights
154,Jason Kipnis,Cleveland Indians,World,Series,Highlights
155,Aroldis Chapman,Chicago Cubs,World,Series,Highlights
156,Addison Russell,Chicago Cubs,World,Series,Highlights
157,Ben Zobrist,Chicago Cubs,World,Series,Highlights
158,Chicago Cubs,Chicago Cubs,World,Series,Highlights
159,J.J. Hardy,Baltimore Orioles,,,
160,Anibal Sanchez,Detroit Tigers,,,
161,David Freese,Pittsburgh Pirates,,,
162,Luke Weaver,St. Louis Cardinals,Rookie,,
,Alex Reyes,St. Louis Cardinals,Rookie,,
163,Brett Wallace,San Diego Padres,,,
164,Tyler Chatwood,Colorado Rockies,,,
165,Dustin Molleken,Detroit Tigers,Rookie,,
,JaCoby Jones,Detroit Tigers,Rookie,,
166,Jason Heyward,Chicago Cubs,,,
167,Billy Butler,New York Yankees,,,
168,Brett Lawrie,Chicago White Sox,,,
169,Chad Bettis,Colorado Rockies,,,

170,Andrelton Simmons,Angels,
171,,Chicago Cubs,Team Card
172,Cristhian Adames,Colorado Rockies,
173,Matt Shoemaker,Angels,
174,Chris Capuano,Milwaukee Brewers,
175,Michael Saunders,Toronto Blue Jays,
176,Brandon Phillips,Cincinnati Reds,
177,Gavin Cecchini,New York Mets,Rookie
,Robert Gsellman,New York Mets,Rookie
178,James Shields,Chicago White Sox,
179,James Beresford,Minnesota Twins,Rookie
,Alex Wimmers,Minnesota Twins,Rookie
180,Stephen Piscotty,St. Louis Cardinals,
181,Corey Kluber,Cleveland Indians,
182,Jacoby Ellsbury,New York Yankees,
183,Jose Quintana,Chicago White Sox,
184,Jeanmar Gomez,Philadelphia Phillies,
185,Trayce Thompson,Los Angeles Dodgers,
186,Henry Owens,Boston Red Sox,
187,Chase Utley,Los Angeles Dodgers,
188,Jedd Gyorko,St. Louis Cardinals,
189,,San Francisco Giants,Team Card
190,Tommy Joseph,Philadelphia Phillies,
191,Alexi Amarista,Colorado Rockies,
192,Zack Cozart,Cincinnati Reds,
193,Devon Travis,Toronto Blue Jays,
194,Edwin Jackson,San Diego Padres,
195,Drew Pomeranz,Boston Red Sox,
196,Brandon Crawford,San Francisco Giants,
197,,New York Yankees,Team Card
198,Zack Greinke,Arizona Diamondbacks,
199,Jharel Cotton,Oakland Athletics,Rookie
,Ryon Healy,Oakland Athletics,Rookie
200 Randal Grichuk,,St. Louis Cardinals,
201 Martin Maldonado,,Angels,
202,,Seattle Mariners,Team Card
203 Hunter Dozier,,Kansas City Royals,Rookie
,Matt Strahm,Kansas City Royals,Rookie
204 Tyler Thornburg,,Boston Red Sox,
205,,Cincinnati Reds,Team Card
206 Robbie Grossman,,Minnesota Twins,
207 Chris Tillman,,Baltimore Orioles,
208 Andrew Miller,,Cleveland Indians,
209 Nick Castellanos,,Detroit Tigers,
210 Carlos Rodon,,Chicago White Sox,
211 Jake Barrett,,Arizona Diamondbacks,
212 Kevin Pillar,,Toronto Blue Jays,
213 Jeremy Hellickson,,Philadelphia Phillies,
214 Aaron Judge,,New York Yankees,Rookie
,Tyler Austin,New York Yankees,Rookie
215 Freddy Galvis,,Philadelphia Phillies,
216,,Baltimore Orioles,Team Card

217,Avisail Garcia,Chicago White Sox,
218,Jim Johnson,Atlanta Braves,
219,Pedro Alvarez,Baltimore Orioles,
220,Joe Mauer,Minnesota Twins,
221,,Toronto Blue Jays,Team Card
222,John Jaso,Pittsburgh Pirates,
223,Chris Archer,Tampa Bay Rays,
224,Matt Szczur,Chicago Cubs,
225,Francisco Rodriguez,Detroit Tigers,
226,Jed Lowrie,Oakland Athletics,
227,Steven Souza Jr.,Tampa Bay Rays,
228,Jonathan Lucroy,Texas Rangers,
229,Luke Gregerson,Houston Astros,
230,Adam Duvall,Cincinnati Reds,
231,Matt Garza,Milwaukee Brewers,
232,Michael Conforto,New York Mets,
233,Scott Schebler,Cincinnati Reds,
234,,St. Louis Cardinals,Team Card
235,Melvin Upton Jr.,Toronto Blue Jays,
236,Ryan Vogelsong,Pittsburgh Pirates,
237,Kole Calhoun,Angels,
238,Joe Panik,San Francisco Giants,
239,Salvador Perez,Kansas City Royals,
240,J.D. Martinez,Detroit Tigers,
241,Travis Jankowski,San Diego Padres,
242,James McCann,Detroit Tigers,
243,Byron Buxton,Minnesota Twins,
244,Hanley Ramirez,Boston Red Sox,
245,Tucker Barnhart,Cincinnati Reds,
246,Neil Walker,New York Mets,
247,Odubel Herrera,Philadelphia Phillies,
248,Peter Bourjos,Philadelphia Phillies,
249,Justin Bour,Miami Marlins,
250,Chris Young,Boston Red Sox,
251,Victor Martinez,Detroit Tigers,
252,Ender Inciarte,Atlanta Braves,
253,Lorenzo Cain,Kansas City Royals,
254,Johnny Cueto,San Francisco Giants,
255,Yasmani Grandal,Los Angeles Dodgers,
256,Matt Harvey,New York Mets,
257,,Houston Astros,Team Card
258,Raimel Tapia,Colorado Rockies,Rookie
,David Dahl,Colorado Rockies,Rookie
259,Ken Giles,Houston Astros,
260,Colby Rasmus,Houston Astros,
261,Mitch Moreland,Boston Red Sox,
262,Scooter Gennett,Milwaukee Brewers,
263,Kris Bryant,Chicago Cubs,
,Bryce Harper,Washington Nationals,
264,Joc Pederson,Los Angeles Dodgers,
265,Michael Taylor,Washington Nationals,
266,,Angels,Team Card

267 Orlando Arcia,Milwaukee Brewers,Rookie
Brent Suter,Milwaukee Brewers,Rookie
268 Garrett Richards,Angels,
269 Michael Brantley,Cleveland Indians,
270 Jordy Mercer,Pittsburgh Pirates,
271 Jason Castro,Minnesota Twins,
272 Wei-Yin Chen,Miami Marlins,
273 Chris Owings,Arizona Diamondbacks,
274 Nelson Cruz,Seattle Mariners,
275 Roman Quinn,Philadelphia Phillies,Rookie
Jake Thompson,Philadelphia Phillies,Rookie
276 Paulo Orlando,Kansas City Royals,
277 Jason Motte,Colorado Rockies,
278 Jeurys Familia,New York Mets,
279,Washington Nationals,Team Card
280 Chase Headley,New York Yankees,
281 Brian McCann,Houston Astros,
282 Bartolo Colon,Atlanta Braves,
283,Pittsburgh Pirates,Team Card
284 Alcides Escobar,Kansas City Royals,
285 Tyler Lyons,St. Louis Cardinals,
286 Dellin Betances,New York Yankees,
287 Adrian Beltre,Texas Rangers,
288 Jarrod Dyson,Kansas City Royals,
289,Atlanta Braves,Team Card
290 Brandon Belt,San Francisco Giants,
291 Wily Peralta,Milwaukee Brewers,
292 Carlos Ruiz,Seattle Mariners,
293 Didi Gregorius,New York Yankees,
294 Cesar Hernandez,Philadelphia Phillies,
295 Maikel Franco,Philadelphia Phillies,
296 Jurickson Profar,Texas Rangers,
297 Ezequiel Carrera,Toronto Blue Jays,
298 Ichiro,Miami Marlins,
299 Cliff Pennington,Angels,
300 Nori Aoki,Houston Astros,
301 Martin Prado,Miami Marlins,
302 Khris Davis,Oakland Athletics,
303 Gio Gonzalez,Washington Nationals,
304 Kennys Vargas,Minnesota Twins,
305,Kansas City Royals,Team Card
306 Adam Eaton,Washington Nationals,
307 Yordano Ventura,Kansas City Royals,
308 Marcus Stroman,Toronto Blue Jays,
309 A.J. Ramos,Miami Marlins,
310 Tyler Saladino,Chicago White Sox,
311 Rajai Davis,Cleveland Indians,
312 Darwin Barney,Toronto Blue Jays,
313 Max Kepler,Minnesota Twins,
314 Robby Scott,Boston Red Sox,Rookie
Andrew Benintendi,Boston Red Sox,Rookie
315,Detroit Tigers,Team Card

316,Kendrys Morales,Toronto Blue Jays,,,,
317,Andrew Romine,Detroit Tigers,,,,
318,Rick Porcello,Boston Red Sox,,,,
319,Brian Goodwin,Washington Nationals,Rookie,,,
,Spencer Kieboom,Washington Nationals,Rookie,,,
320 Jayson Werth,,Washington Nationals,,,,
321 Evan Gattis,,Houston Astros,,,,
322 Jonathan Schoop,,Baltimore Orioles,,,,
323,,Los Angeles Dodgers,Team Card,,,
324 Chris Carter,,Milwaukee Brewers,,,,
325 Chris Davis,,Baltimore Orioles,,,,
326 Ben Zobrist,,Chicago Cubs,,,,
327 Hisashi Iwakuma,,Seattle Mariners,,,,
328 Ketel Marte,,Arizona Diamondbacks,,,,
329 Brad Miller,,Tampa Bay Rays,,,,
330 Matt Holliday,,New York Yankees,,,,
331 Joe Musgrove,,Houston Astros,,,,
332 Jose Reyes,,New York Mets,,,,
333 John Lackey,,Chicago Cubs,,,,
334 Justin Smoak,,Toronto Blue Jays,,,,
335 Carlos Gomez,,Texas Rangers,,,,
336 DJ LeMahieu,,Colorado Rockies,,,,
,Charlie Blackmon,Colorado Rockies,,,,
337 Ervin Santana,,Minnesota Twins,,,,
338 Ryan Rua,,Texas Rangers,,,,
339 Alex Gordon,,Kansas City Royals,,,,
340 Jose Ramirez,,Cleveland Indians,,,,
341 Patrick Corbin,,Arizona Diamondbacks,,,,
342 Curtis Granderson,,New York Mets,,,,
343 Marcus Semien,,Oakland Athletics,,,,
344 Kolten Wong,,St. Louis Cardinals,,,,
345 Jarred Cosart,,San Diego Padres,,,,
346 Craig Kimbrel,,Boston Red Sox,,,,
347,,Miami Marlins,Team Card,,,
348 Julio Teheran,,Atlanta Braves,,,,
349 Jake McGee,,Colorado Rockies,,,,
350 David Robertson,,Chicago White Sox,,,,
351 Michael Bourn,,Baltimore Orioles,,,,
352 Kevin Kiermaier,,Tampa Bay Rays,,,,
353 Zach Britton,,Baltimore Orioles,,,,
354 Sandy Leon,,Boston Red Sox,,,,
355 Anthony Rendon,,Washington Nationals,,,,
356 Huston Street,,Angels,,,,
357 Mark Reynolds,,Colorado Rockies,,,,
358,,San Diego Padres,Team Card,,,
359 Sonny Gray,,Oakland Athletics,,,,
360 Tyler Collins,,Detroit Tigers,,,,
361 David Ortiz,,Boston Red Sox,Topps,News,All,Stars
362 Mookie Betts,,Boston Red Sox,Topps,News,All,Stars
363 Mike Trout,,Angels,Topps,News,All,Stars
364 Miguel Cabrera,,Detroit Tigers,Topps,News,All,Stars
365 Josh Donaldson,,Toronto Blue Jays,Topps,News,All,Stars

366,Carlos Correa,Houston Astros,Topps,News,All,Stars
367,Corey Seager,Los Angeles Dodgers,Topps,News,All,Stars
368,Manny Machado,Baltimore Orioles,Topps,News,All,Stars
369,Robinson Cano,Seattle Mariners,Topps,News,All,Stars
370,Jose Altuve,Houston Astros,Topps,News,All,Stars
371,Kris Bryant,Chicago Cubs,Topps,News,All,Stars
372,Anthony Rizzo,Chicago Cubs,Topps,News,All,Stars
373,Nolan Arenado,Colorado Rockies,Topps,News,All,Stars
374,Clayton Kershaw,Los Angeles Dodgers,Topps,News,All,Stars
375,Buster Posey,San Francisco Giants,Topps,News,All,Stars
376,Madison Bumgarner,San Francisco Giants,Topps,News,All,Stars
377,Bryce Harper,Washington Nationals,Topps,News,All,Stars
378,Max Scherzer,Washington Nationals,Topps,News,All,Stars
379,Noah Syndergaard,New York Mets,Topps,News,All,Stars
380,Corey Kluber,Cleveland Indians,Topps,News,All,Stars
381,Matt Carpenter,St. Louis Cardinals,,,,
382,,Boston Red Sox,Team Card,,,
383,Robbie Ray,Arizona Diamondbacks,,,,
384,Braden Shipley,Arizona Diamondbacks,Rookie,,,
,Matt Koch,Arizona Diamondbacks,Rookie,,,
385,,Cleveland Indians,Team Card,,,
386,A.J. Pollock,Arizona Diamondbacks,,,,
387,Mike Moustakas,Kansas City Royals,,,,
388,Yonder Alonso,Oakland Athletics,,,,
389,DJ LeMahieu,Colorado Rockies,,,,
390,Josh Harrison,Pittsburgh Pirates,,,,
391,Matt Moore,San Francisco Giants,,,,
392,Rickie Weeks Jr.,Arizona Diamondbacks,,,,
393,Danny Barnes,Toronto Blue Jays,Rookie,,,
,Matt Dermody,Toronto Blue Jays,Rookie,,,
394,,Texas Rangers,Team Card,,,
395 Travis Wood,,Chicago Cubs,,,,
396 Donnie Hart,,Baltimore Orioles,Rookie,,,
,Trey Mancini,Baltimore Orioles,Rookie,,,
397,,Milwaukee Brewers,Team Card,,,
398 Yasiel Puig,,Los Angeles Dodgers,,,,
399 Sean Manaea,,Oakland Athletics,,,,
400 Clayton Kershaw,,Los Angeles Dodgers,,,,
401 Giancarlo Stanton,,Miami Marlins,,,,
402 Andrew McCutchen,,Pittsburgh Pirates,,,,
403 Nolan Arenado,,Colorado Rockies,,,,
404 Max Scherzer,,Washington Nationals,,,,
405 Chris Sale,,Boston Red Sox,,,,
406 Yoenis Cespedes,,New York Mets,,,,
407 Stephen Strasburg,,Washington Nationals,,,,
408 Felix Hernandez,,Seattle Mariners,,,,
409 Eric Hosmer,,Kansas City Royals,,,,
410 Anthony Rizzo,,Chicago Cubs,,,,
411 Matt Kemp,,Atlanta Braves,,,,
412 David Ortiz,,Boston Red Sox,,,,
413 Albert Pujols,,Angels,,,,
414 Masahiro Tanaka,,New York Yankees,,,,

415,Kenta Maeda,Los Angeles Dodgers
416,Yu Darvish,Texas Rangers
417,Justin Verlander,Detroit Tigers
418,Miguel Cabrera,Detroit Tigers
419,Francisco Lindor,Cleveland Indians
420,Manny Machado,Baltimore Orioles
421,Jacob deGrom,New York Mets
422,Robinson Cano,Seattle Mariners
423,Kyle Schwarber,Chicago Cubs
424,Addison Russell,Chicago Cubs
425,Jose Altuve,Houston Astros
426,Paul Goldschmidt,Arizona Diamondbacks
427,Bryce Harper,Washington Nationals
428,Mookie Betts,Boston Red Sox
429,Jose Abreu,Chicago White Sox
430,Carlos Correa,Houston Astros
431,Joey Votto,Cincinnati Reds
432,George Springer,Houston Astros
433,Charlie Blackmon,Colorado Rockies
434,Troy Tulowitzki,Toronto Blue Jays
435,Todd Frazier,Chicago White Sox
436,Miguel Sano,Minnesota Twins
437,Carlos Gonzalez,Colorado Rockies
438,Justin Upton,Detroit Tigers
439,Hunter Pence,San Francisco Giants
440,Corey Seager,Los Angeles Dodgers
441,Xander Bogaerts,Boston Red Sox
442,Wil Myers,San Diego Padres
443,Trevor Story,Colorado Rockies
444,Gary Sanchez,New York Yankees
445,Edwin Encarnacion,Toronto Blue Jays
446,Jose Bautista,Toronto Blue Jays
447,Dee Gordon,Miami Marlins
448,Jason Kipnis,Cleveland Indians
449,Freddie Freeman,Atlanta Braves
450,Mike Trout,Angels
451,Ryan Braun,Milwaukee Brewers
452,Ian Kinsler,Detroit Tigers
453,Jay Bruce,New York Mets
454,Dustin Pedroia,Boston Red Sox
455,Marcell Ozuna,Miami Marlins
456,Jean Segura,Seattle Mariners
457,Daniel Murphy,Washington Nationals
458,Ian Desmond,Colorado Rockies
459,Starling Marte,Pittsburgh Pirates
460,Madison Bumgarner,San Francisco Giants
461,Mark Trumbo,Baltimore Orioles
462,Jackie Bradley Jr.,Boston Red Sox
463,Jon Gray,Colorado Rockies
464,Jake Lamb,Arizona Diamondbacks
465,Brian Dozier,Minnesota Twins
466,Christian Yelich,Miami Marlins

467,Gregory Polanco,Pittsburgh Pirates
468,Aaron Sanchez,Toronto Blue Jays
469,Jon Lester,Chicago Cubs
470,Noah Syndergaard,New York Mets
471,Danny Salazar,Cleveland Indians
472,Aroldis Chapman,New York Yankees
473,Cole Hamels,Texas Rangers
474,Danny Duffy,Kansas City Royals
475,Buster Posey,San Francisco Giants
476,Lucas Giolito,Chicago White Sox
477,Julio Urias,Los Angeles Dodgers
478,Jameson Taillon,Pittsburgh Pirates
479,A.J. Reed,Houston Astros
480,David Price,Boston Red Sox
481,Willson Contreras,Chicago Cubs
482,Albert Almora,Chicago Cubs
483,Nomar Mazara,Texas Rangers
484,Michael Fulmer,Detroit Tigers
485,Trea Turner,Washington Nationals
486,Ji-Man Choi,Angels
487,Mike Fiers,Houston Astros
488,Greg Bird,New York Yankees
489,Daniel Norris,Detroit Tigers
490,Josh Donaldson,Toronto Blue Jays
491,Jason Hammel,Chicago Cubs
492,Aledmys Diaz,St. Louis Cardinals
493,Sam Dyson,Texas Rangers
494,Alex Colome,Tampa Bay Rays
495,Jerad Eickhoff,Philadelphia Phillies
496,Jake Odorizzi,Tampa Bay Rays
497,Kevin Gausman,Baltimore Orioles
498,Dan Straily,Cincinnati Reds
499,Jake Arrieta,Chicago Cubs
500,Kris Bryant,Chicago Cubs
BASE CARD CHROME VARIATION,,
THC-400,Clayton Kershaw,Los Angeles Dodgers
THC-401,Giancarlo Stanton,Miami Marlins
THC-402,Andrew McCutchen,Pittsburgh Pirates
THC-403,Nolan Arenado,Colorado Rockies
THC-404,Max Scherzer,Washington Nationals
THC-405,Chris Sale,Boston Red Sox
THC-406,Yoenis Cespedes,New York Mets
THC-407,Stephen Strasburg,Washington Nationals
THC-408,Felix Hernandez,Seattle Mariners
THC-409,Eric Hosmer,Kansas City Royals
THC-410,Anthony Rizzo,Chicago Cubs
THC-411,Matt Kemp,Atlanta Braves
THC-412,David Ortiz,Boston Red Sox
THC-413,Albert Pujols,Angels
THC-414,Masahiro Tanaka,New York Yankees

THC-415,Kenta Maeda,Los Angeles Dodgers
THC-416,Yu Darvish,Texas Rangers
THC-417,Justin Verlander,Detroit Tigers
THC-418,Miguel Cabrera,Detroit Tigers
THC-419,Francisco Lindor,Cleveland Indians
THC-420,Manny Machado,Baltimore Orioles
THC-421,Jacob deGrom,New York Mets
THC-422,Robinson Cano,Seattle Mariners
THC-423,Kyle Schwarber,Chicago Cubs
THC-424,Addison Russell,Chicago Cubs
THC-425,Jose Altuve,Houston Astros
THC-426,Paul Goldschmidt,Arizona Diamondbacks
THC-427,Bryce Harper,Washington Nationals
THC-428,Mookie Betts,Boston Red Sox
THC-429,Jose Abreu,Chicago White Sox
THC-430,Carlos Correa,Houston Astros
THC-431,Joey Votto,Cincinnati Reds
THC-432,George Springer,Houston Astros
THC-433,Charlie Blackmon,Colorado Rockies
THC-434,Troy Tulowitzki,Toronto Blue Jays
THC-435,Todd Frazier,Chicago White Sox
THC-436,Miguel Sano,Minnesota Twins
THC-437,Carlos Gonzalez,Colorado Rockies
THC-438,Justin Upton,Detroit Tigers
THC-439,Hunter Pence,San Francisco Giants
THC-440,Corey Seager,Los Angeles Dodgers
THC-441,Xander Bogaerts,Boston Red Sox
THC-442,Wil Myers,San Diego Padres
THC-443,Trevor Story,Colorado Rockies
THC-444,Gary Sanchez,New York Yankees
THC-445,Edwin Encarnacion,Toronto Blue Jays
THC-446,Jose Bautista,Toronto Blue Jays
THC-447,Dee Gordon,Miami Marlins
THC-448,Jason Kipnis,Cleveland Indians
THC-449,Freddie Freeman,Atlanta Braves
THC-450,Mike Trout,Angels
THC-451,Ryan Braun,Milwaukee Brewers
THC-452,Ian Kinsler,Detroit Tigers
THC-453,Jay Bruce,New York Mets
THC-454,Dustin Pedroia,Boston Red Sox
THC-455,Marcell Ozuna,Miami Marlins
THC-456,Jean Segura,Seattle Mariners
THC-457,Daniel Murphy,Washington Nationals
THC-458,Ian Desmond,Texas Rangers
THC-459,Starling Marte,Pittsburgh Pirates
THC-460,Madison Bumgarner,San Francisco Giants
THC-461,Mark Trumbo,Baltimore Orioles
THC-462,Jackie Bradley Jr.,Boston Red Sox
THC-463,Jon Gray,Colorado Rockies
THC-464,Jake Lamb,Arizona Diamondbacks
THC-465,Brian Dozier,Minnesota Twins
THC-466,Christian Yelich,Miami Marlins

THC-467,Gregory Polanco,Pittsburgh Pirates,
THC-468,Aaron Sanchez,Toronto Blue Jays,
THC-469,Jon Lester,Chicago Cubs,
THC-470,Noah Syndergaard,New York Mets,
THC-471,Danny Salazar,Cleveland Indians,
THC-472,Aroldis Chapman,Chicago Cubs,
THC-473,Cole Hamels,Texas Rangers,
THC-474,Danny Duffy,Kansas City Royals,
THC-475,Buster Posey,San Francisco Giants,
THC-476,Lucas Giolito,Washington Nationals,
THC-477,Julio Urias,Los Angeles Dodgers,
THC-478,Jameson Taillon,Pittsburgh Pirates,
THC-479,A.J. Reed,Houston Astros,
THC-480,David Price,Boston Red Sox,
THC-481,Willson Contreras,Chicago Cubs,
THC-482,Albert Almora,Chicago Cubs,
THC-483,Nomar Mazara,Texas Rangers,
THC-484,Michael Fulmer,Detroit Tigers,
THC-485,Trea Turner,Washington Nationals,
THC-490,Josh Donaldson,Toronto Blue Jays,
THC-492,Aledmys Diaz,St. Louis Cardinals,
THC-499,Jake Arrieta,Chicago Cubs,
THC-500,Kris Bryant,Chicago Cubs,
CHROME ROOKIE STARS,,,
16 Manny Margot,,San Diego Padres,Rookie
,Hunter Renfroe,San Diego Padres,Rookie
36 Josh Bell,,Pittsburgh Pirates,Rookie
,Tyler Glasnow,Pittsburgh Pirates,Rookie
76 Rio Ruiz,,Atlanta Braves,Rookie
,Dansby Swanson,Atlanta Braves,Rookie
113 Yulieski Gurriel,,Houston Astros,Rookie
,Alex Bregman,Houston Astros,Rookie
117 Yoan Moncada,,Chicago White Sox,Rookie
,Carson Fulmer,Chicago White Sox,Rookie
162 Luke Weaver,,St. Louis Cardinals,Rookie
,Alex Reyes,St. Louis Cardinals,Rookie
177 Gavin Cecchini,,New York Mets,Rookie
,Robert Gsellman,New York Mets,Rookie
199 Ryon Healy,,Oakland Athletics,Rookie
,Jharel Cotton,Oakland Athletics,Rookie
214 Tyler Austin,,New York Yankees,Rookie
,Aaron Judge,New York Yankees,Rookie
258 David Dahl,,Colorado Rockies,Rookie
,Raimel Tapia,Colorado Rockies,Rookie
MINI BASE VARIATION,,,
17 Rougned Odor,,Texas Rangers,
20 Adam Jones,,Baltimore Orioles,
23 David Wright,,New York Mets,
67 Sean Doolittle,,Oakland Athletics,
70 Gerrit Cole,,Pittsburgh Pirates,

77,Yadier Molina,St. Louis Cardinals
79,Adrian Gonzalez,Los Angeles Dodgers
84,Evan Longoria,Tampa Bay Rays
88,Kyle Seager,Seattle Mariners
93,Aaron Nola,Philadelphia Phillies
100,Adam Wainwright,St. Louis Cardinals
106,Dexter Fowler,St. Louis Cardinals
115,Elvis Andrus,Texas Rangers
119,Carlos Beltran,Houston Astros
166,Jason Heyward,Chicago Cubs
180,Stephen Piscotty,St. Louis Cardinals
181,Corey Kluber,Cleveland Indians
196,Brandon Crawford,San Francisco Giants
198,Zack Greinke,Arizona Diamondbacks
208,Andrew Miller,Cleveland Indians
220,Joe Mauer,Minnesota Twins
223,Chris Archer,Tampa Bay Rays
228,Jonathan Lucroy,Texas Rangers
239,Salvador Perez,Kansas City Royals
240,J.D. Martinez,Detroit Tigers
243,Byron Buxton,Minnesota Twins
244,Hanley Ramirez,Boston Red Sox
251,Victor Martinez,Detroit Tigers
254,Johnny Cueto,San Francisco Giants
256,Matt Harvey,New York Mets
274,Nelson Cruz,Seattle Mariners
287,Adrian Beltre,Texas Rangers
295,Maikel Franco,Philadelphia Phillies
302,Khris Davis,Oakland Athletics
308,Marcus Stroman,Toronto Blue Jays
318,Rick Porcello,Boston Red Sox
325,Chris Davis,Baltimore Orioles
326,Ben Zobrist,Chicago Cubs
359,Sonny Gray,Oakland Athletics
381,Matt Carpenter,St. Louis Cardinals
386,A.J. Pollock,Arizona Diamondbacks
400,Clayton Kershaw,Los Angeles Dodgers
401,Giancarlo Stanton,Miami Marlins
402,Andrew McCutchen,Pittsburgh Pirates
403,Nolan Arenado,Colorado Rockies
404,Max Scherzer,Washington Nationals
405,Chris Sale,Boston Red Sox
406,Yoenis Cespedes,New York Mets
407,Stephen Strasburg,Washington Nationals
408,Felix Hernandez,Seattle Mariners
409,Eric Hosmer,Kansas City Royals
410,Anthony Rizzo,Chicago Cubs
411,Matt Kemp,Atlanta Braves
412,David Ortiz,Boston Red Sox
413,Albert Pujols,Angels
414,Masahiro Tanaka,New York Yankees
415,Kenta Maeda,Los Angeles Dodgers

416,Yu Darvish,Texas Rangers
417,Justin Verlander,Detroit Tigers
418,Miguel Cabrera,Detroit Tigers
419,Francisco Lindor,Cleveland Indians
420,Manny Machado,Baltimore Orioles
421,Jacob deGrom,New York Mets
422,Robinson Cano,Seattle Mariners
423,Kyle Schwarber,Chicago Cubs
424,Addison Russell,Chicago Cubs
425,Jose Altuve,Houston Astros
426,Paul Goldschmidt,Arizona Diamondbacks
427,Bryce Harper,Washington Nationals
428,Mookie Betts,Boston Red Sox
429,Jose Abreu,Chicago White Sox
430,Carlos Correa,Houston Astros
431,Joey Votto,Cincinnati Reds
432,George Springer,Houston Astros
433,Charlie Blackmon,Colorado Rockies
434,Troy Tulowitzki,Toronto Blue Jays
435,Todd Frazier,Chicago White Sox
436,Miguel Sano,Minnesota Twins
437,Carlos Gonzalez,Colorado Rockies
438,Justin Upton,Detroit Tigers
439,Hunter Pence,San Francisco Giants
440,Corey Seager,Los Angeles Dodgers
441,Xander Bogaerts,Boston Red Sox
442,Wil Myers,San Diego Padres
443,Trevor Story,Colorado Rockies
444,Gary Sanchez,New York Yankees
445,Edwin Encarnacion,Toronto Blue Jays
446,Jose Bautista,Toronto Blue Jays
447,Dee Gordon,Miami Marlins
448,Jason Kipnis,Cleveland Indians
449,Freddie Freeman,Atlanta Braves
450,Mike Trout,Angels
451,Ryan Braun,Milwaukee Brewers
452,Ian Kinsler,Detroit Tigers
453,Jay Bruce,New York Mets
454,Dustin Pedroia,Boston Red Sox
455,Marcell Ozuna,Miami Marlins
456,Jean Segura,Seattle Mariners
457,Daniel Murphy,Washington Nationals
458,Ian Desmond,Colorado Rockies
459,Starling Marte,Pittsburgh Pirates
460,Madison Bumgarner,San Francisco Giants
461,Mark Trumbo,Baltimore Orioles
462,Jackie Bradley Jr.,Boston Red Sox
463,Jon Gray,Colorado Rockies
464,Jake Lamb,Arizona Diamondbacks
465,Brian Dozier,Minnesota Twins
466,Christian Yelich,Miami Marlins
467,Gregory Polanco,Pittsburgh Pirates

468,Aaron Sanchez,Toronto Blue Jays
469,Jon Lester,Chicago Cubs
470,Noah Syndergaard,New York Mets
471,Danny Salazar,Cleveland Indians
472,Aroldis Chapman,Chicago Cubs
473,Cole Hamels,Texas Rangers
474,Danny Duffy,Kansas City Royals
475,Buster Posey,San Francisco Giants
476,Lucas Giolito,Chicago White Sox
477,Julio Urias,Los Angeles Dodgers
478,Jameson Taillon,Pittsburgh Pirates
479,A.J. Reed,Houston Astros
480,David Price,Boston Red Sox
481,Willson Contreras,Chicago Cubs
482,Albert Almora,Chicago Cubs
483,Nomar Mazara,Texas Rangers
484,Michael Fulmer,Detroit Tigers
485,Trea Turner,Washington Nationals
490,Josh Donaldson,Toronto Blue Jays
499,Jake Arrieta,Chicago Cubs
500,Kris Bryant,Chicago Cubs
INSERT,,
1968 BAZOOKA (Retail Only),,
68B-AM,Andrew McCutchen,Pittsburgh Pirates
68B-AR,Anthony Rizzo,Chicago Cubs
68B-BH,Bryce Harper,Washington Nationals
68B-BP,Buster Posey,San Francisco Giants
68B-CC,Carlos Correa,Houston Astros
68B-CK,Clayton Kershaw,Los Angeles Dodgers
68B-CS,Corey Seager,Los Angeles Dodgers
68B-DO,David Ortiz,Boston Red Sox
68B-DP,David Price,Boston Red Sox
68B-EH,Eric Hosmer,Kansas City Royals
68B-FH,Felix Hernandez,Seattle Mariners
68B-GS,Giancarlo Stanton,Miami Marlins
68B-JA,Jake Arrieta,Chicago Cubs
68B-JD,Josh Donaldson,Toronto Blue Jays
68B-KB,Kris Bryant,Chicago Cubs
68B-MB,Mookie Betts,Boston Red Sox
68B-MBU,Madison Bumgarner,San Francisco Giants
68B-MC,Miguel Cabrera,Detroit Tigers
68B-MM,Manny Machado,Baltimore Orioles
68B-MS,Max Scherzer,Washington Nationals
68B-MT,Mike Trout,Angels
68B-NA,Nolan Arenado,Colorado Rockies
68B-NS,Noah Syndergaard,New York Mets
68B-RC,Robinson Cano,Seattle Mariners
68B-YC,Yoenis Cespedes,New York Mets
NEW AGE PERFORMERS,,

NAP-1,DJ LeMahieu,Colorado Rockies
NAP-2,Nolan Arenado,Colorado Rockies
NAP-3,Mookie Betts,Boston Red Sox
NAP-4,Jean Segura,Seattle Mariners
NAP-5,Mike Trout,Angels
NAP-6,Corey Seager,Los Angeles Dodgers
NAP-7,Kenta Maeda,Los Angeles Dodgers
NAP-8,Manny Machado,Baltimore Orioles
NAP-9,Jose Altuve,Houston Astros
NAP-10,Carlos Correa,Houston Astros
NAP-11,Francisco Lindor,Cleveland Indians
NAP-12,Kris Bryant,Chicago Cubs
NAP-13,Anthony Rizzo,Chicago Cubs
NAP-14,Kyle Hendricks,Chicago Cubs
NAP-15,Christian Yelich,Miami Marlins
NAP-16,Noah Syndergaard,New York Mets
NAP-17,Danny Duffy,Kansas City Royals
NAP-18,Dellin Betances,New York Yankees
NAP-19,Gary Sanchez,New York Yankees
NAP-20,Orlando Arcia,Milwaukee Brewers
NAP-21,Michael Fulmer,Detroit Tigers
NAP-22,Starling Marte,Pittsburgh Pirates
NAP-23,Blake Snell,Tampa Bay Rays
NAP-24,Khris Davis,Oakland Athletics
NAP-25,Wil Myers,San Diego Padres
THEN AND NOW,,
TAN-1,Mark Trumbo,Baltimore Orioles
TAN-1,Frank Howard,Washington Senators
TAN-2,Nolan Arenado,Colorado Rockies
TAN-2,Frank Howard,Washington Senators
TAN-3,DJ LeMahieu,Colorado Rockies
TAN-3,Carl Yastrzemski,Boston Red Sox
TAN-4,Jonathan Villar,Milwaukee Brewers
TAN-4,Lou Brock,St. Louis Cardinals
TAN-5,Mike Trout,Angels
TAN-5,Carl Yastrzemski,Boston Red Sox
TAN-6,Kyle Hendricks,Chicago Cubs
TAN-6,Fergie Jenkins,Chicago Cubs
TAN-7,Fergie Jenkins,Chicago Cubs
TAN-7,Max Scherzer,Washington Nationals
TAN-8,Rick Porcello,Boston Red Sox
TAN-8,Juan Marichal,San Francisco Giants
TAN-9,David Price,Boston Red Sox
TAN-9,Juan Marichal,San Francisco Giants
TAN-10,Clayton Kershaw,Los Angeles Dodgers
TAN-10,Juan Marichal,San Francisco Giants
TAN-11,Carl Yastrzemski,Boston Red Sox
TAN-11,Jose Altuve,Houston Astros
TAN-12,Frank Howard,Washington Senators
TAN-12,Edwin Encarnacion,Toronto Blue Jays
TAN-13,Lou Brock,St. Louis Cardinals

TAN-13,Rajai Davis,Cleveland Indians
TAN-14,Max Scherzer,Washington Nationals
TAN-14,Juan Marichal,San Francisco Giants
TAN-15,Justin Verlander,Detroit Tigers
TAN-15,Fergie Jenkins,Chicago Cubs
BASEBALL FLASHBACKS,,
BF-BR,Brooks Robinson,Baltimore Orioles
BF-BW,Billy Williams,Chicago Cubs
BF-CH,Catfish Hunter,Oakland Athletics
BF-CY,Carl Yastrzemski,Boston Red Sox
BF-FJ,Fergie Jenkins,Chicago Cubs
BF-FR,Frank Robinson,Baltimore Orioles
BF-HA,Hank Aaron,Atlanta Braves
BF-HK,Harmon Killebrew,Minnesota Twins
BF-JB,Johnny Bench,Cincinnati Reds
BF-JM,Joe Morgan,Houston Astros
BF-LB,Lou Brock,St. Louis Cardinals
BF-NR,Nolan Ryan,New York Mets
BF-RJ,Reggie Jackson,Oakland Athletics
BF-WM,Willie McCovey,San Francisco Giants
BF-WS,Willie Stargell,Pittsburgh Pirates
NEWS FLASHBACKS,,
NF-1,Vietnam War,
NF-2,MLK Assassination,
NF-3,Kennedy Assassination,
NF-4,President Johnson,
NF-5,60 Minutes,
NF-6,Apollo 8,
NF-7,1968 Summer Games,
NF-8,Special Olympics Founded,
NF-9,2001: A Space Odyssey,
NF-10,The Beatles,
NF-11,First U.S. Heart Transplant,
NF-12,Civil Rights Act of 1968,
NF-13,Ivy League Schools Start going co-ed,
NF-14,Computer Mouse Invented,
NF-15,Arthur Ashe,
1968 TOPPS GAME,,
,1 Max Scherzer,Washington Nationals
,2 Jose Altuve,Houston Astros
,3 Clayton Kershaw,Los Angeles Dodgers
,4 Mike Trout,Angels
,5 Kris Bryant,Chicago Cubs
,6 Bryce Harper,Washington Nationals
,7 Buster Posey,San Francisco Giants
,8 Anthony Rizzo,Chicago Cubs
,9 Manny Machado,Baltimore Orioles
,10 Carlos Correa,Houston Astros

11,Corey Seager,Los Angeles Dodgers,
12,Jake Arrieta,Chicago Cubs,
13,Madison Bumgarner,San Francisco Giants,
14,Noah Syndergaard,New York Mets,
15,Josh Donaldson,Toronto Blue Jays,
16,Giancarlo Stanton,Miami Marlins,
17,Andrew McCutchen,Pittsburgh Pirates,
18,Nolan Arenado,Colorado Rockies,
19,Mookie Betts,Boston Red Sox,
20,Yoenis Cespedes,New York Mets,
21,Miguel Cabrera,Detroit Tigers,
22,Felix Hernandez,Seattle Mariners,
23,Eric Hosmer,Kansas City Royals,
24,Robinson Cano,Seattle Mariners,
25,David Ortiz,Boston Red Sox,
26,Gary Sanchez,New York Yankees,
27,Trea Turner,Washington Nationals,
28,Aledmys Diaz,St. Louis Cardinals,
29,Addison Russell,Chicago Cubs,
30,Brian Dozier,Minnesota Twins,
1968 TOPPS,DISCS CARDS (Walmart Only),,
68TDC-1,David Price,Boston Red Sox,
68TDC-2,Anthony Rizzo,Chicago Cubs,
68TDC-3,Manny Machado,Baltimore Orioles,
68TDC-4,Corey Seager,Los Angeles Dodgers,
68TDC-5,Noah Syndergaard,New York Mets,
68TDC-6,Giancarlo Stanton,Miami Marlins,
68TDC-7,Nolan Arenado,Colorado Rockies,
68TDC-8,Max Scherzer,Washington Nationals,
68TDC-9,Mookie Betts,Boston Red Sox,
68TDC-10,Yoenis Cespedes,New York Mets,
68TDC-11,Felix Hernandez,Seattle Mariners,
68TDC-12,Eric Hosmer,Kansas City Royals,
68TDC-13,Robinson Cano,Seattle Mariners,
68TDC-14,David Ortiz,Boston Red Sox,
68TDC-15,Gary Sanchez,New York Yankees,
1968 TOPPS GAME ROOKIES (Target Only),,,
1 Josh Bell,,Pittsburgh Pirates,Rookie
2 Tyler Glasnow,,Pittsburgh Pirates,Rookie
3 Orlando Arcia,,Milwaukee Brewers,Rookie
4 Alex Bregman,,Houston Astros,Rookie
5 David Dahl,,Colorado Rockies,Rookie
6 Luke Weaver,,St. Louis Cardinals,Rookie
7 Yulieski Gurriel,,Houston Astros,Rookie
8 Andrew Benintendi,,Boston Red Sox,Rookie
9 Yoan Moncada,,Chicago White Sox,Rookie
10 Aaron Judge,,New York Yankees,Rookie
11 Alex Reyes,,St. Louis Cardinals,Rookie
12 Dansby Swanson,,Atlanta Braves,Rookie
13 Hunter Renfroe,,San Diego Padres,Rookie

14 Jake Thompson,,Philadelphia Phillies,Rookie
15 Ryon Healy,,Oakland Athletics,Rookie
1968 POSTER BOX LOADER,,,
68P-AK,Al Kaline,Detroit Tigers,
68P-ARI,Anthony Rizzo,Chicago Cubs,
68P-BH,Bryce Harper,Washington Nationals,
68P-BP,Buster Posey,San Francisco Giants,
68P-CC,Carlos Correa,Houston Astros,
68P-CK,Clayton Kershaw,Los Angeles Dodgers,
68P-CSE,Corey Seager,Los Angeles Dodgers,
68P-CY,Carl Yastrzemski,Boston Red Sox,
68P-DP,David Price,Boston Red Sox,
68P-FL,Francisco Lindor,Cleveland Indians,
68P-HA,Hank Aaron,Atlanta Braves,
68P-JA,Jake Arrieta,Chicago Cubs,
68P-JB,Johnny Bench,Cincinnati Reds,
68P-KB,Kris Bryant,Chicago Cubs,
68P-MB,Madison Bumgarner,San Francisco Giants,
68P-MM,Manny Machado,Baltimore Orioles,
68P-MT,Mike Trout,Angels,
68P-NR,Nolan Ryan,New York Mets,
68P-NS,Noah Syndergaard,New York Mets,
68P-RC,Rod Carew,Minnesota Twins,
1968 TOPPS,3D SET,,
683D-AR,Anthony Rizzo,Chicago Cubs,
683D-BH,Bryce Harper,Washington Nationals,
683D-BP,Buster Posey,San Francisco Giants,
683D-CC,Carlos Correa,Houston Astros,
683D-CK,Clayton Kershaw,Los Angeles Dodgers,
683D-CS,Corey Seager,Los Angeles Dodgers,
683D-DO,David Ortiz,Boston Red Sox,
683D-GS,Giancarlo Stanton,Miami Marlins,
683D-JA,Jake Arrieta,Chicago Cubs,
683D-JD,Josh Donaldson,Toronto Blue Jays,
683D-KB,Kris Bryant,Chicago Cubs,
683D-MBU,Madison Bumgarner,San Francisco Giants,
683D-MM,Manny Machado,Baltimore Orioles,
683D-MT,Mike Trout,Angels,
683D-NS,Noah Syndergaard,New York Mets,
AUTOGRAPH,,,
REAL ONE AUTOGRAPHS,,,
ROA-ABE,Andrew Benintendi,Boston Red Sox,Rookie
ROA-ABR,Alex Bregman,Houston Astros,Rookie
ROA-AJ,Aaron Judge,New York Yankees,Rookie
ROA-AK,Al Kaline,Detroit Tigers,
ROA-ARE,Alex Reyes,St. Louis Cardinals,Rookie
ROA-ARI,Anthony Rizzo,Chicago Cubs,
ROA-AW,Al Worthington,Minnesota Twins,

ROA-BB,Bill Bryan,Washington Senators,
ROA-BD,Bill Denehy,Washington Senators,
ROA-BH,Bryce Harper,Washington Nationals,
ROA-BLE,Bob Lee,Cincinnati Reds,
ROA-BLO,Bobby Locke,California Angels,
ROA-BR,Brooks Robinson,Baltimore Orioles,
ROA-BSA,Bob Saverine,Washington Senators,
ROA-BSH,Braden Shipley,Arizona Diamondbacks,Rookie
ROA-CC,Carlos Correa,Houston Astros,
ROA-CFU,Carson Fulmer,Chicago White Sox,Rookie
ROA-CJ,Clarence Jones,Chicago Cubs,
ROA-CSE,Corey Seager,Los Angeles Dodgers,
ROA-DD,David Dahl,Colorado Rockies,Rookie
ROA-DJ,Derek Jeter,New York Yankees,
ROA-DN,Dick Nen,Chicago Cubs,
ROA-DSW,Dansby Swanson,Atlanta Braves,Rookie
ROA-FL,Francisco Lindor,Cleveland Indians,
ROA-FRO,Frank Robinson,Baltimore Orioles,
ROA-FV,Fred Valentine,Washington Senators,
ROA-GR,Garry Roggenburk,Boston Red Sox,
ROA-GS,George Springer,Houston Astros,
ROA-HR,Hunter Renfroe,San Diego Padres,Rookie
ROA-JBE,Johnny Bench,Cincinnati Reds,
ROA-JBO,Jim Bouton,New York Yankees,
ROA-JBU,Jerry Buchek,New York Mets,
ROA-JD,Jacob deGrom,New York Mets,
ROA-JDE,Jose De Leon,Los Angeles Dodgers,Rookie
ROA-JM,Joe Musgrove,Houston Astros,Rookie
ROA-JS,Jimmie Schaffer,Cincinnati Reds,
ROA-JT,Jake Thompson,Philadelphia Phillies,Rookie
ROA-KB,Kris Bryant,Chicago Cubs,
ROA-LBR,Lou Brock,St. Louis Cardinals,
ROA-LG,Lucas Giolito,Washington Nationals,
ROA-LT,Lee Thomas,Houston Astros,
ROA-MS,Miguel Sano,Minnesota Twins,
ROA-MT,Mike Trout,Angels,
ROA-NR,Nolan Ryan,New York Mets,
ROA-NS,Noah Syndergaard,New York Mets,
ROA-OC,Orlando Cepeda,St. Louis Cardinals,
ROA-PC,Pete Cimino,California Angels,
ROA-PN,Phil Niekro,Atlanta Braves,
ROA-RCA,Rod Carew,Minnesota Twins,
ROA-RJ,Reggie Jackson,Oakland Athletics,
ROA-RL,Rene Lachemann,Oakland Athletics,
ROA-SC,Steve Carlton,St. Louis Cardinals,
ROA-TG,Tyler Glasnow,Pittsburgh Pirates,Rookie
ROA-TST,Trevor Story,Colorado Rockies,
ROA-YM,Yoan Moncada,Boston Red Sox,Rookie
REAL ONE DUAL AUTOGRAPHS,,,
RODA-CB,Lou Brock,St. Louis Cardinals,
,Orlando Cepeda,St. Louis Cardinals,

RODA-DR,Nolan Ryan,New York Mets
,Jacob deGrom,New York Mets
RODA-GF,Sonny Gray,Oakland Athletics
,Rollie Fingers,Oakland Athletics
RODA-MR,Brooks Robinson,Baltimore Orioles
,Manny Machado,Baltimore Orioles
RODA-MRO,Frank Robinson,Baltimore Orioles
,Manny Machado,Baltimore Orioles
RODA-MY,Carl Yastrzemski,Boston Red Sox
,Yoan Moncada,Boston Red Sox
RODA-RB,Nolan Ryan,New York Mets
,Johnny Bench,Cincinnati Reds
RODA-RC,Steve Carlton,St. Louis Cardinals
,Alex Reyes,St. Louis Cardinals
RODA-SC,Miguel Sano,Minnesota Twins
,Rod Carew,Minnesota Twins
RODA-SR,Nolan Ryan,New York Mets
,Noah Syndergaard,New York Mets
REAL ONE TRIPLE AUTOGRAPHS,,
ROTA-CCB,Steve Carlton,St. Louis Cardinals
,Orlando Cepeda,St. Louis Cardinals
,Lou Brock,St. Louis Cardinals
ROTA-OYP,Dustin Pedroia,Boston Red Sox
,David Ortiz,Boston Red Sox
,Carl Yastrzemski,Boston Red Sox
ROTA-RMC,Carlos Martinez,St. Louis Cardinals
,Steve Carlton,St. Louis Cardinals
,Alex Reyes,St. Louis Cardinals
ROTA-RPR,Brooks Robinson,Baltimore Orioles
,Frank Robinson,Baltimore Orioles
,Jim Palmer,Baltimore Orioles
ROTA-SCM,Miguel Sano,Minnesota Twins
,Paul Molitor,Minnesota Twins
,Rod Carew,Minnesota Twins
ROTA-SRD,Jacob deGrom,New York Mets
,Noah Syndergaard,New York Mets
,Nolan Ryan,New York Mets
1968 POSTER BOX LOADER AUTOGRAPH,,
68PA-AK,Al Kaline,Detroit Tigers
68PA-BH,Bryce Harper,Washington Nationals
68PA-BP,Buster Posey,San Francisco Giants
68PA-CC,Carlos Correa,Houston Astros
68PA-JB,Johnny Bench,Cincinnati Reds
68PA-KB,Kris Bryant,Chicago Cubs
68PA-MM,Manny Machado,Baltimore Orioles
68PA-MT,Mike Trout,Angels
68PA-NR,Nolan Ryan,New York Mets
68PA-RC,Rod Carew,Minnesota Twins
AUTOGRAPH RELIC,,

CLUBHOUSE,COLLECTION AUTOGRAPH RELICS,
CCAR-ARI,Anthony Rizzo,Chicago Cubs
CCAR-BH,Bryce Harper,Washington Nationals
CCAR-CC,Carlos Correa,Houston Astros
CCAR-DP,David Price,Boston Red Sox
CCAR-KB,Kris Bryant,Chicago Cubs
CCAR-MM,Manny Machado,Baltimore Orioles
CCAR-MT,Mike Trout,Angels
CCAR-NS,Noah Syndergaard,New York Mets
CLUBHOUSE COLLECTION DUAL AUTOGRAPH RELICS,,
CCDAR-BP,Johnny Bench,Cincinnati Reds
,Buster Posey,San Francisco Giants
CCDAR-OY,Carl Yastrzemski,Boston Red Sox
,David Ortiz,Boston Red Sox
CCDAR-RB,Johnny Bench,Cincinnati Reds
,Nolan Ryan,New York Mets
CCDAR-RP,Jim Palmer,Baltimore Orioles
,Brooks Robinson,Baltimore Orioles
CCDAR-SR,Nolan Ryan,New York Mets
,Noah Syndergaard,New York Mets
FLASHBACKS AUTOGRAPH RELICS,,
FAR-AK,Al Kaline,Detroit Tigers
FAR-BR,Brooks Robinson,Baltimore Orioles
FAR-CY,Carl Yastrzemski,Boston Red Sox
FAR-HA,Hank Aaron,Atlanta Braves
FAR-JB,Johnny Bench,Cincinnati Reds
FAR-LB,Lou Brock,St. Louis Cardinals
FAR-NR,Nolan Ryan,New York Mets
FAR-RC,Rod Carew,Minnesota Twins
FAR-RJ,Reggie Jackson,Oakland Athletics
FAR-SC,Steve Carlton,St. Louis Cardinals
RELIC,,
CLUBHOUSE,COLLECTION RELICS,
CCR-AG,Adrian Gonzalez,Los Angeles Dodgers
CCR-AM,Andrew McCutchen,Pittsburgh Pirates
CCR-AP,Albert Pujols,Angels
CCR-AR,Anthony Rizzo,Chicago Cubs
CCR-ARU,Addison Russell,Chicago Cubs
CCR-AW,Adam Wainwright,St. Louis Cardinals
CCR-BH,Billy Hamilton,Cincinnati Reds
CCR-BHA,Bryce Harper,Washington Nationals
CCR-BP,Brandon Phillips,Cincinnati Reds
CCR-BPO,Buster Posey,San Francisco Giants
CCR-CC,Carlos Correa,Houston Astros
CCR-CG,Carlos Gonzalez,Colorado Rockies
CCR-CH,Cole Hamels,Texas Rangers
CCR-CK,Clayton Kershaw,Los Angeles Dodgers

CCR-CKL,Corey Kluber,Cleveland Indians
CCR-DB,Dellin Betances,New York Yankees
CCR-DG,Dee Gordon,Miami Marlins
CCR-DO,David Ortiz,Boston Red Sox
CCR-DP,David Price,Boston Red Sox
CCR-DW,David Wright,New York Mets
CCR-EH,Eric Hosmer,Kansas City Royals
CCR-EL,Evan Longoria,Tampa Bay Rays
CCR-FF,Freddie Freeman,Atlanta Braves
CCR-FH,Felix Hernandez,Seattle Mariners
CCR-GC,Gerrit Cole,Pittsburgh Pirates
CCR-GS,George Springer,Houston Astros
CCR-GST,Giancarlo Stanton,Miami Marlins
CCR-HR,Hanley Ramirez,Boston Red Sox
CCR-I,Ichiro,Miami Marlins
CCR-IK,Ian Kinsler,Detroit Tigers
CCR-JA,Jose Abreu,Chicago White Sox
CCR-JAL,Jose Altuve,Houston Astros
CCR-JB,Javier Baez,Chicago Cubs
CCR-JL,Jon Lester,Chicago Cubs
CCR-JM,Joe Mauer,Minnesota Twins
CCR-JP,Joc Pederson,Los Angeles Dodgers
CCR-JU,Justin Upton,Detroit Tigers
CCR-JV,Justin Verlander,Detroit Tigers
CCR-JVO,Joey Votto,Cincinnati Reds
CCR-KB,Kris Bryant,Chicago Cubs
CCR-KS,Kyle Seager,Seattle Mariners
CCR-MC,Miguel Cabrera,Detroit Tigers
CCR-MH,Matt Harvey,New York Mets
CCR-MM,Manny Machado,Baltimore Orioles
CCR-MS,Miguel Sano,Minnesota Twins
CCR-MTR,Mike Trout,Angels
CCR-NA,Nolan Arenado,Colorado Rockies
CCR-NC,Nelson Cruz,Seattle Mariners
CCR-NS,Noah Syndergaard,New York Mets
CCR-PG,Paul Goldschmidt,Arizona Diamondbacks
CCR-RB,Ryan Braun,Milwaukee Brewers
CCR-RC,Robinson Cano,Seattle Mariners
CCR-RO,Rougned Odor,Texas Rangers
CCR-RP,Rick Porcello,Boston Red Sox
CCR-SM,Starling Marte,Pittsburgh Pirates
CCR-SP,Salvador Perez,Kansas City Royals
CCR-VM,Victor Martinez,Detroit Tigers
CCR-WM,Wil Myers,San Diego Padres
CCR-YC,Yoenis Cespedes,New York Mets
CCR-YM,Yadier Molina,St. Louis Cardinals
CLUBHOUSE COLLECTION DUAL RELICS,,
CCDR-BV,Joey Votto,Cincinnati Reds
,Johnny Bench,Cincinnati Reds
CCDR-CM,Andrew McCutchen,Pittsburgh Pirates
,Roberto Clemente,Pittsburgh Pirates

CCDR-MA,Jose Altuve,Houston Astros
,Joe Morgan,Houston Astros
CCDR-RS,Nolan Ryan,New York Mets
,Noah Syndergaard,New York Mets
CCDR-YO,Carl Yastrzemski,Boston Red Sox
,David Ortiz,Boston Red Sox
CLUBHOUSE COLLECTION TRIPLE RELICS,,
CCTR-CAM,Joe Morgan,Houston Astros
,Jose Altuve,Houston Astros
,Carlos Correa,Houston Astros
CCTR-OYG,David Ortiz,Boston Red Sox
,Nomar Garciaparra,Boston Red Sox
,Carl Yastrzemski,Boston Red Sox
CCTR-PMB,Madison Bumgarner,San Francisco Giants
,Buster Posey,San Francisco Giants
,Willie McCovey,San Francisco Giants
CCTR-SRD,Jacob deGrom,New York Mets
,Nolan Ryan,New York Mets
,Noah Syndergaard,New York Mets
CCTR-VBP,Johnny Bench,Cincinnati Reds
,Joey Votto,Cincinnati Reds
,Tony Pérez,Cincinnati Reds
CLUBHOUSE COLLECTION QUAD RELICS,,
CCQR-MPBC,Madison Bumgarner,San Francisco Giants
,Johnny Cueto,San Francisco Giants
,Willie McCovey,San Francisco Giants
,Buster Posey,San Francisco Giants
CCQR-RSDH,Nolan Ryan,New York Mets
,Jacob deGrom,New York Mets
,Matt Harvey,New York Mets
,Noah Syndergaard,New York Mets
CCQR-SMMP,Willie Stargell,Pittsburgh Pirates
,Andrew McCutchen,Pittsburgh Pirates
,Starling Marte,Pittsburgh Pirates
,Gregory Polanco,Pittsburgh Pirates
CCQR-WRBR,Addison Russell,Chicago Cubs
,Kris Bryant,Chicago Cubs
,Anthony Rizzo,Chicago Cubs
,Billy Williams,Chicago Cubs
CCQR-YOPB,Dustin Pedroia,Boston Red Sox
,David Ortiz,Boston Red Sox
,Carl Yastrzemski,Boston Red Sox
,Mookie Betts,Boston Red Sox
1968 MINT,,
68MINT-AK,Al Kaline,Detroit Tigers
68MINT-AM,Andrew McCutchen,Pittsburgh Pirates
68MINT-AP,Albert Pujols,Angels
68MINT-AR,Anthony Rizzo,Chicago Cubs
68MINT-BH,Bryce Harper,Washington Nationals

68MINT-BP,Buster Posey,San Francisco Giants
68MINT-BR,Brooks Robinson,Baltimore Orioles
68MINT-BW,Billy Williams,Chicago Cubs
68MINT-CC,Carlos Correa,Houston Astros
68MINT-CK,Clayton Kershaw,Los Angeles Dodgers
68MINT-CS,Chris Sale,Chicago White Sox
68MINT-CSE,Corey Seager,Los Angeles Dodgers
68MINT-CY,Carl Yastrzemski,Boston Red Sox
68MINT-DO,David Ortiz,Boston Red Sox
68MINT-DP,David Price,Boston Red Sox
68MINT-EH,Eric Hosmer,Kansas City Royals
68MINT-FH,Felix Hernandez,Seattle Mariners
68MINT-FJ,Fergie Jenkins,Chicago Cubs
68MINT-FR,Frank Robinson,Baltimore Orioles
68MINT-GS,Giancarlo Stanton,Miami Marlins
68MINT-HA,Hank Aaron,Atlanta Braves
68MINT-HK,Harmon Killebrew,Minnesota Twins
68MINT-JA,Jake Arrieta,Chicago Cubs
68MINT-JB,Johnny Bench,Cincinnati Reds
68MINT-JDO,Josh Donaldson,Toronto Blue Jays
68MINT-JM,Joe Morgan,Houston Astros
68MINT-JP,Jim Palmer,Baltimore Orioles
68MINT-JV,Justin Verlander,Detroit Tigers
68MINT-KB,Kris Bryant,Chicago Cubs
68MINT-KM,Kenta Maeda,Los Angeles Dodgers
68MINT-LB,Lou Brock,St. Louis Cardinals
68MINT-MB,Madison Bumgarner,San Francisco Giants
68MINT-MC,Miguel Cabrera,Detroit Tigers
68MINT-MK,Matt Kemp,Atlanta Braves
68MINT-MM,Manny Machado,Baltimore Orioles
68MINT-MS,Max Scherzer,Washington Nationals
68MINT-MT,Masahiro Tanaka,New York Yankees
68MINT-MTR,Mike Trout,Angels
68MINT-NA,Nolan Arenado,Colorado Rockies
68MINT-NR,Nolan Ryan,New York Mets
68MINT-NS,Noah Syndergaard,New York Mets
68MINT-OC,Orlando Cepeda,St. Louis Cardinals
68MINT-RCA,Rod Carew,Minnesota Twins
68MINT-RJ,Reggie Jackson,Oakland Athletics
68MINT-SC,Steve Carlton,St. Louis Cardinals
68MINT-SS,Stephen Strasburg,Washington Nationals
68MINT-WM,Willie McCovey,San Francisco Giants
68MINT-WS,Willie Stargell,Pittsburgh Pirates
68MINT-YC,Yoenis Cespedes,New York Mets
68MINT-YD,Yu Darvish,Texas Rangers
1968 US POSTAL STAMP RELICS,,
68PSR-BM,Bill Mazeroski,Pittsburgh Pirates
68PSR-BR,Brooks Robinson,Baltimore Orioles
68PSR-BW,Billy Williams,Chicago Cubs
68PSR-CH,Catfish Hunter,Oakland Athletics
68PSR-CY,Carl Yastrzemski,Boston Red Sox

68PSR-FJ,Fergie Jenkins,Chicago Cubs
68PSR-FR,Frank Robinson,Baltimore Orioles
68PSR-HA,Hank Aaron,Atlanta Braves
68PSR-HK,Harmon Killebrew,Minnesota Twins
68PSR-JB,Johnny Bench,Cincinnati Reds
68PSR-JM,Joe Morgan,Houston Astros
68PSR-LA,Luis Aparicio,Chicago White Sox
68PSR-LB,Lou Brock,St. Louis Cardinals
68PSR-NR,Nolan Ryan,New York Mets
68PSR-OC,Orlando Cepeda,St. Louis Cardinals
68PSR-RC,Rod Carew,Minnesota Twins
68PSR-RJ,Reggie Jackson,Oakland Athletics
68PSR-TP,Tony Pérez,Cincinnati Reds
68PSR-WM,Willie McCovey,San Francisco Giants
68PSR-WS,Willie Stargell,Pittsburgh Pirates
1968 BASEBALL CUT SIGNATURES,,
68BCS-CF,Curt Flood,St. Louis Cardinals
68BCS-DD,Don Drysdale,Los Angeles Dodgers
68BCS-EB,Ernie Banks,Chicago Cubs
68BCS-GH,Gil Hodges,New York Mets
68BCS-HK,Harmon Killebrew,Minnesota Twins
68BCS-MA,Matty Alou,Pittsburgh Pirates
68BCS-RC,Roberto Clemente,Pittsburgh Pirates
68BCS-RM,Roger Maris,St. Louis Cardinals
68BCS-RS,Ron Santo,Chicago Cubs
68BCS-WS,Willie Stargell,Pittsburgh Pirates
1968 CELEBRITY CUT SIGNATURES,,
68CCS-CH,Charlton Heston,
68CCS-DB,David Bowie,
68CCS-JL,Jim Lovell,
68CCS-JW,John Wooden,
68CCS-LH,Larry Hagman,
68CCS-MG,Marvin Gaye,
68CCS-MJ,Mick Jagger,
68CCS-RN,Richard Nixon,
