BASE CARDS,,
VETERANS,,
1,"Clayton	
  Kershaw","Los	
  Angeles	
  Dodgers®"
2,"Eric	
  Hosmer","Kansas	
  City	
  Royals®"
3,"Alex	
  Gordon","Kansas	
  City	
  Royals®"
4,"Jay	
  Bruce","Cincinnati	
  Reds®"
5,"Anthony	
  Rizzo","Chicago	
  Cubs®"
6,"Brad	
  Ziegler","Arizona	
  Diamondbacks®"
7,"Ken	
  Giles","Philadelphia	
  Phillies®"
8,"Shin-­-Soo	
  Choo","Texas	
  Rangers®"
9,"Brandon	
  Crawford","San	
  Francisco	
  Giants®"
10,"Danny	
  Salazar","Cleveland	
  Indians®"
11,"Ian	
  Desmond","Washington	
  Nationals®"
12,"Adam	
  Eaton","Chicago	
  White	
  Sox®"
13,"Jonathan	
  Lucroy","Milwaukee	
  BrewersTM"
14,"Zack	
  Wheeler","New	
  York	
  Mets®"
15,"Zack	
  Greinke","Los	
  Angeles	
  Dodgers®"
16,"Matt	
  Holliday","St.	
  Louis	
  Cardinals®"
17,"Jose	
  Reyes","Toronto	
  Blue	
  Jays®"
18,"Jarrod	
  Saltalamacchia","Miami	
  Marlins®"
19,"Manny	
  Machado","Baltimore	
  Orioles®"
20,"Paul	
  Goldschmidt","Arizona	
  Diamondbacks®"
21,"Garrett	
  Richards",Angels®
22,"Christian	
  Yelich","Miami	
  Marlins®"
23,"Josh	
  Harrison","Pittsburgh	
  Pirates®"
24,"Alex	
  Cobb","Tampa	
  Bay	
  RaysTM"
25,"Yasiel	
  Puig","Los	
  Angeles	
  Dodgers®"
26,"Anthony	
  Rendon","Washington	
  Nationals®"
27,"Mookie	
  Betts","Boston	
  Red	
  Sox®"
28,"Craig	
  Kimbrel","Atlanta	
  BravesTM"
29,"Ian	
  Kinsler","Detroit	
  Tigers®"
30,"Jose	
  Altuve","Houston	
  Astros®"
31,"Charlie	
  Blackmon","Colorado	
  RockiesTM"
32,"Michael	
  Pineda","New	
  York	
  Yankees®"
33,"Kyle	
  Seager","Seattle	
  MarinersTM"
34,"Kennys	
  Vargas","Minnesota	
  Twins®"
35,"Joaquin	
  Benoit","San	
  Diego	
  PadresTM"
36,"Mike	
  Zunino","Seattle	
  MarinersTM"
37,"Josh	
  Reddick","Oakland	
  AthleticsTM"
38,"Jason	
  Kipnis","Cleveland	
  Indians®"
39,"Chris	
  Sale","Chicago	
  White	
  Sox®"

40,"Oswaldo	
  Arcia","Minnesota	
  Twins®"
41,"Matt	
  Shoemaker",Angels®
42,"J.J.	
  Hardy","Baltimore	
  Orioles®"
43,"Matt	
  Carpenter","St.	
  Louis	
  Cardinals®"
44,"Dellin	
  Betances","New	
  York	
  Yankees®"
45,"Joey	
  Votto","Cincinnati	
  Reds®"
46,"Ben	
  Revere","Philadelphia	
  Phillies®"
47,"Tanner	
  Roark","Washington	
  Nationals®"
48,"Justin	
  Morneau","Colorado	
  RockiesTM"
49,"Jake	
  Arrieta","Chicago	
  Cubs®"
50,"Mike	
  Trout",Angels®
51,"Chris	
  Owings","Arizona	
  Diamondbacks®"
52,"David	
  Wright","New	
  York	
  Mets®"
53,"Kevin	
  Kiermaier","Tampa	
  Bay	
  RaysTM"
54,"Domonic	
  Brown","Philadelphia	
  Phillies®"
55,"Justin	
  Turner","Los	
  Angeles	
  Dodgers®"
56,"Mark	
  Trumbo","Arizona	
  Diamondbacks®"
57,"Carlos	
  Gomez","Milwaukee	
  BrewersTM"
58,"Hisashi	
  Iwakuma","Seattle	
  MarinersTM"
59,"Gregor	
  Blanco","San	
  Francisco	
  Giants®"
60,"Adeiny	
  Hechavarria","Miami	
  Marlins®"
61,"Starlin	
  Castro","Chicago	
  Cubs®"
62,"Josh	
  Hamilton",Angels®
63,"Chase	
  Headley","New	
  York	
  Yankees®"
64,"Edwin	
  Encarnacion","Toronto	
  Blue	
  Jays®"
65,"Coco	
  Crisp","Oakland	
  AthleticsTM"
66,"Jon	
  Singleton","Houston	
  Astros®"
67,"Troy	
  Tulowitzki","Colorado	
  RockiesTM"
68,"Andre	
  Ethier","Los	
  Angeles	
  Dodgers®"
69,"Victor	
  Martinez","Detroit	
  Tigers®"
70,"Austin	
  Jackson","Seattle	
  MarinersTM"
71,"Evan	
  Gattis","Houston	
  Astros®"
72,"Kole	
  Calhoun",Angels®
73,"Adrian	
  Gonzalez","Los	
  Angeles	
  Dodgers®"
74,"Corey	
  Dickerson","Colorado	
  RockiesTM"
75,"Jacob	
  deGrom","New	
  York	
  Mets®"
76,"David	
  Ortiz","Boston	
  Red	
  Sox®"
77,"Evan	
  Longoria","Tampa	
  Bay	
  RaysTM"
78,"R.A.	
  Dickey","Toronto	
  Blue	
  Jays®"
79,"Chris	
  Davis","Baltimore	
  Orioles®"
80,"Corey	
  Kluber","Cleveland	
  Indians®"
81,"Xander	
  Bogaerts","Boston	
  Red	
  Sox®"

82,"Jose	
  Quintana","Chicago	
  White	
  Sox®"
83,"Lorenzo	
  Cain","Kansas	
  City	
  Royals®"
84,"Henderson	
  Alvarez","Miami	
  Marlins®"
85,"Kurt	
  Suzuki","Minnesota	
  Twins®"
86,"Cliff	
  Lee","Philadelphia	
  Phillies®"
87,"Jedd	
  Gyorko","San	
  Diego	
  PadresTM"
88,"Yusmeiro	
  Petit","San	
  Francisco	
  Giants®"
89,"Matt	
  Garza","Milwaukee	
  BrewersTM"
90,"Nick	
  Castellanos","Detroit	
  Tigers®"
91,"Marcell	
  Ozuna","Miami	
  Marlins®"
92,"Phil	
  Hughes","Minnesota	
  Twins®"
93,"CC	
  Sabathia","New	
  York	
  Yankees®"
94,"Jhonny	
  Peralta","St.	
  Louis	
  Cardinals®"
95,"Bryce	
  Harper","Washington	
  Nationals®"
96,"Devin	
  Mesoraco","Cincinnati	
  Reds®"
97,"Alcides	
  Escobar","Kansas	
  City	
  Royals®"
98,"Travis	
  d'Arnaud","New	
  York	
  Mets®"
99,"Ian	
  Kennedy","San	
  Diego	
  PadresTM"
100,"Madison	
  Bumgarner","San	
  Francisco	
  Giants®"
101,"Greg	
  Holland","Kansas	
  City	
  Royals®"
102,"Johnny	
  Cueto","Cincinnati	
  Reds®"
103,"Dexter	
  Fowler","Chicago	
  Cubs®"
104,"Billy	
  Hamilton","Cincinnati	
  Reds®"
105,"Lonnie	
  Chisenhall","Cleveland	
  Indians®"
106,"Sonny	
  Gray","Oakland	
  AthleticsTM"
107,"David	
  Price","Detroit	
  Tigers®"
108,"Aramis	
  Ramirez","Milwaukee	
  BrewersTM"
109,"Doug	
  Fister","Washington	
  Nationals®"
110,"Elvis	
  Andrus","Texas	
  Rangers®"
111,"Adam	
  Wainwright","St.	
  Louis	
  Cardinals®"
112,"Yu	
  Darvish","Texas	
  Rangers®"
113,"Aaron	
  Sanchez","Toronto	
  Blue	
  Jays®"
114,"Brandon	
  Belt","San	
  Francisco	
  Giants®"
115,"Andrew	
  McCutchen","Pittsburgh	
  Pirates®"
116,"Jake	
  McGee","Tampa	
  Bay	
  RaysTM"
117,"Mike	
  Napoli","Boston	
  Red	
  Sox®"
118,"Yan	
  Gomes","Cleveland	
  Indians®"
119,"Andrelton	
  Simmons","Atlanta	
  BravesTM"
120,"Jose	
  Abreu","Chicago	
  White	
  Sox®"
ROOKIES,,
"121 Jorge	
  Soler",,"Chicago	
  Cubs®"

122,"Anthony	
  Ranaudo","Boston	
  Red	
  Sox®"
123,"Rymer	
  Liriano","San	
  Diego	
  PadresTM"
124,"Daniel	
  Corcino","Cincinnati	
  Reds®"
125,"Rusney	
  Castillo","Boston	
  Red	
  Sox®"
126,"Bryce	
  Brentz","Boston	
  Red	
  Sox®"
127,"Bryan	
  Mitchell","New	
  York	
  Yankees®"
128,"Cory	
  Spangenberg","San	
  Diego	
  PadresTM"
129,"Dilson	
  Herrera","New	
  York	
  Mets®"
130,"Joc	
  Pederson","Los	
  Angeles	
  Dodgers®"
131,"Brandon	
  Finnegan","Kansas	
  City	
  Royals®"
132,"Yimi	
  Garcia","Los	
  Angeles	
  Dodgers®"
133,"Edwin	
  Escobar","Boston	
  Red	
  Sox®"
134,"Mike	
  Foltynewicz","Atlanta	
  BravesTM"
135,"Jason	
  Rogers","Milwaukee	
  BrewersTM"
136,"R.J.	
  Alvarez","Oakland	
  AthleticsTM"
137,"Maikel	
  Franco","Philadelphia	
  Phillies®"
138,"Buck	
  Farmer","Detroit	
  Tigers®"
139,"Michael	
  Taylor","Washington	
  Nationals®"
140,"Trevor	
  May","Minnesota	
  Twins®"
141,"Nick	
  Tropeano",Angels®
142,"Gary	
  Brown","San	
  Francisco	
  Giants®"
143,"Matt	
  Barnes","Boston	
  Red	
  Sox®"
144,"Christian	
  Walker","Baltimore	
  Orioles®"
145,"Xavier	
  Scruggs","St.	
  Louis	
  Cardinals®"
146,"Daniel	
  Norris","Toronto	
  Blue	
  Jays®"
147,"Dalton	
  Pompey","Toronto	
  Blue	
  Jays®"
148,"Steven	
  Moya","Detroit	
  Tigers®"
149,"Jake	
  Lamb","Arizona	
  Diamondbacks®"
150,"Javier	
  Baez","Chicago	
  Cubs®"
AUTOGRAPH CARDS,,
CHROME PROSPECT AUTOGRAPHS,,
BCAP-­-AK,"Austin	
  Kubitza","Detroit	
  Tigers®"
BCAP-­-AMR,"Amed	
  Rosario","New	
  York	
  Mets®"
BCAP-­-AR,"Alex	
  Reyes","St.	
  Louis	
  Cardinals®"
BCAP-­-ARO,"Adrian	
  Rondon","Tampa	
  Bay	
  RaysTM"
BCAP-­-AVR,"Avery	
  Romero","Miami	
  Marlins®"
BCAP-­-CA,"Carlos	
  Asuaje","Boston	
  Red	
  Sox®"
BCAP-­-CP,"Chad	
  Pinder","Oakland	
  AthleticsTM"
BCAP-­-CR,"Carlos	
  Rodon","Chicago	
  White	
  Sox®"

BCAP-­-DA,"Dariel	
  Alvarez","Baltimore	
  Orioles®"
BCAP-­-DGE,"Domingo	
  German","Miami	
  Marlins®"
BCAP-­-DW,"Drew	
  Ward","Washington	
  Nationals®"
BCAP-­-EG,"Erik	
  Gonzalez","Cleveland	
  Indians®"
BCAP-­-EH,"Eric	
  Haase","Cleveland	
  Indians®"
BCAP-­-ES,"Edmundo	
  Sosa","St.	
  Louis	
  Cardinals®"
BCAP-­-FM,"Francellis	
  Montas","Chicago	
  White	
  Sox®"
BCAP-­-HR,"Harold	
  Ramirez","Pittsburgh	
  Pirates®"
BCAP-­-JB,"Jake	
  Bauers","San	
  Diego	
  PadresTM"
BCAP-­-JBE,"Jordan	
  Betts","Boston	
  Red	
  Sox®"
BCAP-­-JDE,"Jose	
  De	
  Leon","Los	
  Angeles	
  Dodgers®"
BCAP-­-JH,"Juan	
  Herrera","St.	
  Louis	
  Cardinals®"
BCAP-­-JL,"Jorge	
  Lopez","Milwaukee	
  BrewersTM"
BCAP-­-JLU,"Jordan	
  Luplow","Pittsburgh	
  Pirates®"
BCAP-­-JM,"Jorge	
  Mateo","New	
  York	
  Yankees®"
BCAP-­-KM,"Keury	
  Mella","San	
  Francisco	
  Giants®"
BCAP-­-KS,"Kyle	
  Schwarber","Chicago	
  Cubs®"
BCAP-­-LM,"Logan	
  Moon","Kansas	
  City	
  Royals®"
BCAP-­-LS,"Luis	
  Severino","New	
  York	
  Yankees®"
BCAP-­-MM,"Marcos	
  Molina","New	
  York	
  Mets®"
BCAP-­-NG,"Nick	
  Gordon","Minnesota	
  Twins®"
BCAP-­-OA,"Orlando	
  Arcia","Milwaukee	
  BrewersTM"
BCAP-­-OAL,"Ozhaino	
  Albies","Atlanta	
  BravesTM"
BCAP-­-PO,"Peter	
  O'Brien","Arizona	
  Diamondbacks®"
BCAP-­-RD,"Rafael	
  Devers","Boston	
  Red	
  Sox®"
BCAP-­-RI,"Raisel	
  Iglesias","Cincinnati	
  Reds®"
BCAP-­-RM,"Ryan	
  Merritt","Cleveland	
  Indians®"
BCAP-­-RR,"Robert	
  Refsnyder","New	
  York	
  Yankees®"
BCAP-­-RT,"Rowdy	
  Tellez","Toronto	
  Blue	
  Jays®"
BCAP-­-SG,"Stephen	
  Gonsalves","Minnesota	
  Twins®"
BCAP-­-SST,"Seth	
  Streich","Oakland	
  AthleticsTM"
BCAP-­-TB,"Tim	
  Berry","Baltimore	
  Orioles®"
BCAP-­-TBL,"Ty	
  Blach","San	
  Francisco	
  Giants®"
BCAP-­-TGO,"Trevor	
  Gott",Angels®
BCAP-­-TH,"Teoscar	
  Hernandez","Houston	
  Astros®"
BCAP-­-TK,"Tyler	
  Kolek","Miami	
  Marlins®"
BCAP-­-TM,"Trey	
  Michalczewski","Chicago	
  White	
  Sox®"
BCAP-­-TT,"Touki	
  Toussaint","Arizona	
  Diamondbacks®"
BCAP-­-TW,"Tyler	
  Wagner","Milwaukee	
  BrewersTM"
BCAP-­-VR,"Victor	
  Reyes","Atlanta	
  BravesTM"
BCAP-­-WP,"Wes	
  Parsons","Atlanta	
  BravesTM"
BCAP-­-YT,"Yasmany	
  Tomas","Arizona	
  Diamondbacks®"

BOWMAN SCOUTS TOP 100 AUTOGRAPHS,,
BTP-­-1,"Byron	
  Buxton","Minnesota	
  Twins®"
BTP-­-2,"Kris	
  Bryant","Chicago	
  Cubs®"
BTP-­-5,"Daniel	
  Norris","Toronto	
  Blue	
  Jays®"
BTP-­-6,"Jorge	
  Soler","Chicago	
  Cubs®"
BTP-­-7,"Joey	
  Gallo","Texas	
  Rangers®"
BTP-­-8,"Miguel	
  Sano","Minnesota	
  Twins®"
BTP-­-9,"Noah	
  Syndergaard","New	
  York	
  Mets®"
BTP-­-10,"Lucas	
  Giolito","Washington	
  Nationals®"
BTP-­-12,"Francisco	
  Lindor","Cleveland	
  Indians®"
BTP-­-13,"Carlos	
  Rodon","Chicago	
  White	
  Sox®"
BTP-­-14,"Tyler	
  Glasnow","Pittsburgh	
  Pirates®"
BTP-­-16,"J.P.	
  Crawford","Philadelphia	
  Phillies®"
BTP-­-17,"Archie	
  Bradley","Arizona	
  Diamondbacks®"
BTP-­-18,"Kyle	
  Schwarber","Chicago	
  Cubs®"
BTP-­-21,"Dylan	
  Bundy","Baltimore	
  Orioles®"
BTP-­-22,"Alex	
  Jackson","Seattle	
  MarinersTM"
BTP-­-23,"Luis	
  Severino","New	
  York	
  Yankees®"
BTP-­-24,"Hunter	
  Harvey","Baltimore	
  Orioles®"
BTP-­-26,"Nick	
  Gordon","Minnesota	
  Twins®"
BTP-­-28,"Jameson	
  Taillon","Pittsburgh	
  Pirates®"
BTP-­-32,"Blake	
  Swihart","Boston	
  Red	
  Sox®"
BTP-­-33,"Joc	
  Pederson","Los	
  Angeles	
  Dodgers®"
BTP-­-36,"Josh	
  Bell","Pittsburgh	
  Pirates®"
BTP-­-42,"Jeff	
  Hoffman","Toronto	
  Blue	
  Jays®"
BTP-­-43,"Michael	
  Taylor","Washington	
  Nationals®"
BTP-­-45,"Rusney	
  Castillo","Boston	
  Red	
  Sox®"
BTP-­-52,"Austin	
  Hedges","San	
  Diego	
  PadresTM"
BTP-­-53,"Aaron	
  Judge","New	
  York	
  Yankees®"
BTP-­-57,"Clint	
  Frazier","Cleveland	
  Indians®"
BTP-­-59,"Trea	
  Turner","San	
  Diego	
  PadresTM"
BTP-­-61,"Alex	
  Reyes","St.	
  Louis	
  Cardinals®"
BTP-­-62,"David	
  Dahl","Colorado	
  RockiesTM"
BTP-­-65,"Nick	
  Kingham","Pittsburgh	
  Pirates®"
BTP-­-66,"Aaron	
  Sanchez","Toronto	
  Blue	
  Jays®"
BTP-­-72,"Gary	
  Sanchez","New	
  York	
  Yankees®"
BTP-­-76,"Grant	
  Holmes","Los	
  Angeles	
  Dodgers®"
BTP-­-78,"Touki	
  Toussaint","Arizona	
  Diamondbacks®"
BTP-­-80,"Kyle	
  Crick","San	
  Francisco	
  Giants®"
BTP-­-81,"Max	
  Pentecost","Toronto	
  Blue	
  Jays®"
BTP-­-89,"Derek	
  Hill","Detroit	
  Tigers®"

BTP-­-91,"Bradley	
  Zimmer","Cleveland	
  Indians®"
BTP-­-93,"Sean	
  Newcomb",Angels®
BTP-­-94,"Rafael	
  Devers","Boston	
  Red	
  Sox®"
BTP-­-96,"Robbie	
  Ray","Arizona	
  Diamondbacks®"
BTP-­-97,"Lance	
  McCullers","Houston	
  Astros®"
BTP-­-98,"Matt	
  Wisler","San	
  Diego	
  PadresTM"
THE FARMS FINEST MINI AUTOGRAPHS,,
FFM-­-AB,"Archie	
  Bradley","Arizona	
  Diamondbacks®"
FFM-­-ABL,"Aaron	
  Blair","Arizona	
  Diamondbacks®"
FFM-­-AJ,"Aaron	
  Judge","New	
  York	
  Yankees®"
FFM-­-AJA,"Alex	
  Jackson","Seattle	
  MarinersTM"
FFM-­-AM,"Austin	
  Meadows","Pittsburgh	
  Pirates®"
FFM-­-AN,"Aaron	
  Nola","Philadelphia	
  Phillies®"
FFM-­-ARE,"Alex	
  Reyes","St.	
  Louis	
  Cardinals®"
FFM-­-ARO,"Avery	
  Romero","Miami	
  Marlins®"
FFM-­-AS,"Aaron	
  Sanchez","Toronto	
  Blue	
  Jays®"
FFM-­-BB,"Byron	
  Buxton","Minnesota	
  Twins®"
FFM-­-BF,"Buck	
  Farmer","Detroit	
  Tigers®"
FFM-­-BS,"Braden	
  Shipley","Arizona	
  Diamondbacks®"
FFM-­-BSW,"Blake	
  Swihart","Boston	
  Red	
  Sox®"
FFM-­-CE,"C.J.	
  Edwards","Chicago	
  Cubs®"
FFM-­-CF,"Clint	
  Frazier","Cleveland	
  Indians®"
FFM-­-CR,"Carlos	
  Rodon","Chicago	
  White	
  Sox®"
FFM-­-DB,"Dylan	
  Bundy","Baltimore	
  Orioles®"
FFM-­-DD,"David	
  Dahl","Colorado	
  RockiesTM"
FFM-­-DH,"Derek	
  Hill","Detroit	
  Tigers®"
FFM-­-DP,"D.J.	
  Peterson","Seattle	
  MarinersTM"
FFM-­-FL,"Francisco	
  Lindor","Cleveland	
  Indians®"
FFM-­-GH,"Grant	
  Holmes","Los	
  Angeles	
  Dodgers®"
FFM-­-GS,"Gary	
  Sanchez","New	
  York	
  Yankees®"
FFM-­-HH,"Hunter	
  Harvey","Baltimore	
  Orioles®"
FFM-­-HO,"Henry	
  Owens","Boston	
  Red	
  Sox®"
FFM-­-JA,"Jorge	
  Alfaro","Texas	
  Rangers®"
FFM-­-JC,"J.P.	
  Crawford","Philadelphia	
  Phillies®"
FFM-­-JHO,"Jeff	
  Hoffman","Toronto	
  Blue	
  Jays®"
FFM-­-JN,"Justin	
  Nicolino","Miami	
  Marlins®"
FFM-­-JP,"Jose	
  Peraza","Atlanta	
  BravesTM"
FFM-­-JS,"Jorge	
  Soler","Chicago	
  Cubs®"
FFM-­-KB,"Kris	
  Bryant","Chicago	
  Cubs®"
FFM-­-KF,"Kyle	
  Freeland","Colorado	
  RockiesTM"
FFM-­-KS,"Kyle	
  Schwarber","Chicago	
  Cubs®"

FFM-­-KST,"Kohl	
  Stewart","Minnesota	
  Twins®",
FFM-­-KZI,"Kyle	
  Zimmer","Kansas	
  City	
  Royals®",
FFM-­-LG,"Lucas	
  Giolito","Washington	
  Nationals®",
FFM-­-LSE,"Luis	
  Severino","New	
  York	
  Yankees®",
FFM-­-MC,"Michael	
  Conforto","New	
  York	
  Mets®",
FFM-­-MF,"Max	
  Fried","Atlanta	
  BravesTM",
FFM-­-MJ,"Micah	
  Johnson","Chicago	
  White	
  Sox®",
FFM-­-MO,"Matt	
  Olson","Oakland	
  AthleticsTM",
FFM-­-MS,"Miguel	
  Sano","Minnesota	
  Twins®",
FFM-­-MT,"Michael	
  Taylor","Washington	
  Nationals®",
FFM-­-NG,"Nick	
  Gordon","Minnesota	
  Twins®",
FFM-­-NS,"Noah	
  Syndergaard","New	
  York	
  Mets®",
FFM-­-RC,"Rusney	
  Castillo","Boston	
  Red	
  Sox®",
FFM-­-RD,"Rafael	
  Devers","Boston	
  Red	
  Sox®",
FFM-­-RS,"Robert	
  Stephenson","Cincinnati	
  Reds®",
FFM-­-SM,"Steven	
  Moya","Detroit	
  Tigers®",
FFM-­-SN,"Sean	
  Newcomb",Angels®,
FFM-­-TB,"Tyler	
  Beede","San	
  Francisco	
  Giants®",
FFM-­-TG,"Tyler	
  Glasnow","Pittsburgh	
  Pirates®",
FFM-­-TK,"Tyler	
  Kolek","Miami	
  MarlinsTM",
FFM-­-TT,"Touki	
  Toussaint","Arizona	
  Diamondbacks®",
FFM-­-TTU,"Trea	
  Turner","San	
  Diego	
  PadresTM",
ROOKIE RECOLLECTION AUTOGRAPHS,,,
RR-­-BW,,"Bernie	
  Williams","New	
  York	
  Yankees®"
RR-­-CB,,"Carlos	
  Baerga","Cleveland	
  Indians®"
RR-­-FT,,"Frank	
  Thomas","Chicago	
  White	
  Sox®"
RR-­-JG,,"Juan	
  Gonzalez","Texas	
  Rangers®"
RR-­-JO,,"John	
  Olerud","Toronto	
  Blue	
  Jays®"
RR-­-MA,,"Moises	
  Alou","Pittsburgh	
  Pirates®"
RR-­-MG,,"Marquis	
  Grissom","Montréal	
  ExposTM"
CHROME ROOKIE AUTOGRAPHS,,,
BCAR-­-AR,,"Anthony	
  Ranaudo","Boston	
  Red	
  Sox®"
BCAR-­-BF,,"Brandon	
  Finnegan","Kansas	
  City	
  Royals®"
BCAR-­-BFA,,"Buck	
  Farmer","Detroit	
  Tigers®"
BCAR-­-CS,,"Cory	
  Spangenberg","San	
  Diego	
  PadresTM"
BCAR-­-CW,,"Christian	
  Walker","Baltimore	
  Orioles®"
BCAR-­-DC,,"Daniel	
  Corcino","Cincinnati	
  Reds®"
BCAR-­-DH,,"Dilson	
  Herrera","New	
  York	
  Mets®"
BCAR-­-DN,,"Daniel	
  Norris","Toronto	
  Blue	
  Jays®"
BCAR-­-DP,,"Dalton	
  Pompey","Toronto	
  Blue	
  Jays®"

BCAR-­-JB,"Javier	
  Baez","Chicago	
  Cubs®"
BCAR-­-JL,"Jake	
  Lamb","Arizona	
  Diamondbacks®"
BCAR-­-JP,"Joc	
  Pederson","Los	
  Angeles	
  Dodgers®"
BCAR-­-JR,"Jason	
  Rogers","Milwaukee	
  BrewersTM"
BCAR-­-JS,"Jorge	
  Soler","Chicago	
  Cubs®"
BCAR-­-MB,"Matt	
  Barnes","Boston	
  Red	
  Sox®"
BCAR-­-MF,"Maikel	
  Franco","Philadelphia	
  Phillies®"
BCAR-­-MFO,"Mike	
  Foltynewicz","Houston	
  Astros®"
BCAR-­-MT,"Michael	
  Taylor","Washington	
  Nationals®"
BCAR-­-RC,"Rusney	
  Castillo","Boston	
  Red	
  Sox®"
BCAR-­-RL,"Rymer	
  Liriano","San	
  Diego	
  PadresTM"
BCAR-­-SM,"Steven	
  Moya","Detroit	
  Tigers®"
BCAR-­-TM,"Trevor	
  May","Minnesota	
  Twins®"
PAPER PROSPECT RETAIL AUTOGRAPHS,,
PA-­-AB,"Alex	
  Balog","Colorado	
  RockiesTM"
PA-­-ABA,"Anthony	
  Banda","Arizona	
  Diamondbacks®"
PA-­-AP,"Adam	
  Plutko","Cleveland	
  Indians®"
PA-­-AT,"Andrew	
  Triggs","Kansas	
  City	
  Royals®"
PA-­-AW,"Adam	
  Walker","Minnesota	
  Twins®"
PA-­-BA,"Beau	
  Amaral","Cincinnati	
  Reds®"
PA-­-BB,"Bobby	
  Bundy","Baltimore	
  Orioles®"
PA-­-CH,"Connor	
  Harrell","Detroit	
  Tigers®"
PA-­-CJ,"Chris	
  Jensen","Oakland	
  AthleticsTM"
PA-­-CR,"Carlos	
  Rodon","Chicago	
  White	
  Sox®"
PA-­-FM,"Francisco	
  Mejia","Cleveland	
  Indians®"
PA-­-JC,"Jason	
  Coats","Chicago	
  White	
  Sox®"
PA-­-JH,"Josh	
  Hader","Houston	
  Astros®"
PA-­-JU,"Jose	
  Urena","Miami	
  Marlins®"
PA-­-JW,"Jason	
  Wheeler","Minnesota	
  Twins®"
PA-­-LG,"Luis	
  Guillorme","New	
  York	
  Mets®"
PA-­-MO,"Mike	
  O'Neill","St.	
  Louis	
  Cardinals®"
PA-­-NL,"Nick	
  Longhi","Boston	
  Red	
  Sox®"
PA-­-RS,"Rob	
  Segedin","New	
  York	
  Yankees®"
PA-­-SF,"Steven	
  Farinaro","St.	
  Louis	
  Cardinals®"
PA-­-TD,"Taylor	
  Dugas","New	
  York	
  Yankees®"
PA-­-TF,"Taylor	
  Featherston",Angels®
PA-­-TT,"Touki	
  Toussaint","Arizona	
  Diamondbacks®"
PA-­-WL,"Will	
  Locante","Arizona	
  Diamondbacks®"
PA-­-ZJ,"Zack	
  Jones","Minnesota	
  Twins®"
SOPHOMORE STANDOUTS AUTOGRAPHS,,

SSA-­-AA,"Arismendy	
  Alcantara","Chicago	
  Cubs®"
SSA-­-AS,"Aaron	
  Sanchez","Toronto	
  Blue	
  Jays®"
SSA-­-CC,"C.J.	
  Cron",Angels®
SSA-­-GP,"Gregory	
  Polanco","Pittsburgh	
  Pirates®"
SSA-­-GS,"George	
  Springer","Houston	
  Astros®"
SSA-­-JA,"Jose	
  Abreu","Chicago	
  White	
  Sox®"
SSA-­-JD,"Jacob	
  deGrom","New	
  York	
  Mets®"
SSA-­-JP,"Joe	
  Panik","San	
  Francisco	
  Giants®"
SSA-­-JS,"Jon	
  Singleton","Houston	
  Astros®"
SSA-­-KV,"Kennys	
  Vargas","Minnesota	
  Twins®"
SSA-­-KW,"Kolten	
  Wong","St.	
  Louis	
  Cardinals®"
SSA-­-NC,"Nick	
  Castellanos","Detroit	
  Tigers®"
SSA-­-RM,"Rafael	
  Montero","New	
  York	
  Mets®"
SSA-­-TL,"Tommy	
  La	
  Stella","Chicago	
  Cubs®"
SSA-­-YV,"Yordano	
  Ventura","Kansas	
  City	
  Royals®"
BOWMAN BLACK CONTINUITY AUTOGRAPHS,,
BBC-­-AK,"Austin	
  Kubitza","Detroit	
  Tigers®"
BBC-­-AR,"Adrian	
  Rondon","Tampa	
  Bay	
  RaysTM"
BBC-­-ARO,"Avery	
  Romero","Miami	
  Marlins®"
BBC-­-BF,"Brandon	
  Finnegan","Kansas	
  City	
  Royals®"
BBC-­-CR,"Carlos	
  Rodon","Chicago	
  White	
  Sox®"
BBC-­-DG,"Domingo	
  German","Miami	
  Marlins®"
BBC-­-DW,"Drew	
  Ward","Washington	
  Nationals®"
BBC-­-FM,"Francellis	
  Montas","Chicago	
  White	
  Sox®"
BBC-­-HR,"Harold	
  Ramirez","Pittsburgh	
  Pirates®"
BBC-­-JC,"Jake	
  Cave","New	
  York	
  Yankees®"
BBC-­-KM,"Keury	
  Mella","San	
  Francisco	
  Giants®"
BBC-­-LM,"Logan	
  Moon","Kansas	
  City	
  Royals®"
BBC-­-LS,"Luis	
  Severino","New	
  York	
  Yankees®"
BBC-­-OA,"Orlando	
  Arcia","Milwaukee	
  BrewersTM"
BBC-­-RC,"Rusney	
  Castillo","Boston	
  Red	
  Sox®"
BBC-­-RD,"Rafael	
  Devers","Boston	
  Red	
  Sox®"
BBC-­-RI,"Raisel	
  Iglesias","Cincinnati	
  Reds®"
BBC-­-RM,"Ryan	
  Merritt","Cleveland	
  Indians®"
BBC-­-RR,"Robert	
  Refsnyder","New	
  York	
  Yankees®"
BBC-­-TH,"Teoscar	
  Hernandez","Houston	
  Astros®"
BBC-­-TT,"Touki	
  Toussaint","Arizona	
  Diamondbacks®"
DUAL AUTOGRAPHS,,
BDA-­-BS,"Kyle	
  Schwarber","Chicago	
  Cubs®"
,"Kris	
  Bryant","Chicago	
  Cubs®"

BDA-­-GA,"Joey	
  Gallo","Texas	
  Rangers®"
,"Jorge	
  Alfaro","Texas	
  Rangers®"
BDA-­-GB,"Nick	
  Gordon","Minnesota	
  Twins®"
,"Byron	
  Buxton","Minnesota	
  Twins®"
BDA-­-GF,"Kyle	
  Freeland","Colorado	
  RockiesTM"
,"Jon	
  Gray","Colorado	
  RockiesTM"
BDA-­-JP,"Alex	
  Jackson","Seattle	
  MarinersTM"
,"D.J.	
  Peterson","Seattle	
  MarinersTM"
BDA-­-RK,"Tyler	
  Kolek","Miami	
  Marlins®"
,"Carlos	
  Rodon","Chicago	
  White	
  Sox®"
BDA-­-SO,"Henry	
  Owens","Boston	
  Red	
  Sox®"
,"Blake	
  Swihart","Boston	
  Red	
  Sox®"
BDA-­-SS,"Luis	
  Severino","New	
  York	
  Yankees®"
,"Gary	
  Sanchez","New	
  York	
  Yankees®"
BDA-­-TS,"Touki	
  Toussaint","Arizona	
  Diamondbacks®"
,"Braden	
  Shipley","Arizona	
  Diamondbacks®"
PAGES OF THE HISTORY BOOK AUTOGRAPH BOOK CARD,,
PHB-­-1,"Tyler	
  Kolek","Miami	
  Marlins®"
,"J.P.	
  Crawford","Philadelphia	
  Phillies®"
,"Henry	
  Owens","Boston	
  Red	
  Sox®"
,"Jorge	
  Alfaro","Texas	
  Rangers®"
,"Hunter	
  Harvey","Baltimore	
  Orioles®"
,"Nick	
  Gordon","Minnesota	
  Twins®"
,"Alex	
  Jackson","Seattle	
  MarinersTM"
,"Aaron	
  Nola","Philadelphia	
  Phillies®"
,"Clint	
  Frazier","Cleveland	
  Indians®"
,"Kyle	
  Crick","San	
  Francisco	
  Giants®"
,"Kyle	
  Schwarber","Chicago	
  Cubs®"
,"Kohl	
  Stewart","Minnesota	
  Twins®"
,"Robert	
  Stephenson","Cincinnati	
  Reds®"
,"Miguel	
  Sano","Minnesota	
  Twins®"
,"Francisco	
  Lindor","Cleveland	
  Indians®"
,"Joey	
  Gallo","Texas	
  Rangers®"
,"Carlos	
  Correa","Houston	
  Astros®"
,"Lucas	
  Giolito","Washington	
  Nationals®"
,"Jorge	
  Soler","Chicago	
  Cubs®"
,"Tyler	
  Glasnow","Pittsburgh	
  Pirates®"
,"Noah	
  Syndergaard","New	
  York	
  Mets®"
,"Carlos	
  Rodon","Chicago	
  White	
  Sox®"
,"Archie	
  Bradley","Arizona	
  Diamondbacks®"
,"Byron	
  Buxton","Minnesota	
  Twins®"

AFLAC HIGH SCHOOL ALL-AMERICAN AND UNDER ARMOUR ALL-AMERICAN GAME AUTOGRAPHS,,
,"Touki	
  Toussaint",
,"Monte	
  Harrison",
,"Ryan	
  Ripken",
,"Alex	
  Verdugo",
,"Joe	
  Gatto",
,"Alex	
  Jackson",
,"Michael	
  Kopech",
,"Chase	
  Vallot",
,"Carson	
  Sands",
,"Michael	
  Gettys",
INSERT CARDS,,
CHROME PROSPECTS,,
BCP1,"Tyler	
  Kolek","Miami	
  Marlins®"
BCP2,"Jose	
  Queliz","Arizona	
  Diamondbacks®"
BCP3,"Kevin	
  Plawecki","New	
  York	
  Mets®"
BCP4,"Jen-­-Ho	
  Tseng","Chicago	
  Cubs®"
BCP5,"Dixon	
  Machado","Detroit	
  Tigers®"
BCP6,"Pedro	
  Severino","Washington	
  Nationals®"
BCP7,"Roman	
  Quinn","Philadelphia	
  Phillies®"
BCP8,"A.J.	
  Cole","Washington	
  Nationals®"
BCP9,"Fernando	
  Perez","San	
  Diego	
  PadresTM"
BCP10,"Logan	
  Moon","Kansas	
  City	
  Royals®"
BCP11,"Giovanny	
  Urshela","Cleveland	
  Indians®"
BCP12,"Emerson	
  Jimenez","Colorado	
  RockiesTM"
BCP13,"Dermis	
  Garcia","New	
  York	
  Yankees®"
BCP14,"Marco	
  Gonzales","St.	
  Louis	
  Cardinals®"
BCP15,"Jeremy	
  Rhoades",Angels®
BCP16,"Joe	
  Ross","San	
  Diego	
  PadresTM"
BCP17,"Trevor	
  Gott",Angels®
BCP18,"Forrest	
  Wall","Colorado	
  RockiesTM"
BCP19,"David	
  Dahl","Colorado	
  RockiesTM"
BCP20,"Adrian	
  Sampson","Pittsburgh	
  Pirates®"
BCP21,"Alex	
  Verdugo","Los	
  Angeles	
  Dodgers®"
BCP22,"Williams	
  Perez","Atlanta	
  BravesTM"
BCP23,"Alex	
  Reyes","St.	
  Louis	
  Cardinals®"
BCP24,"Ty	
  Blach","San	
  Francisco	
  Giants®"

BCP25,"Yasmany	
  Tomas","Arizona	
  Diamondbacks®"
BCP26,"Hunter	
  Harvey","Baltimore	
  Orioles®"
BCP27,"Touki	
  Toussaint","Arizona	
  Diamondbacks®"
BCP28,"Austin	
  Voth","Washington	
  Nationals®"
BCP29,"Luis	
  Lugo","Cleveland	
  Indians®"
BCP30,"Teoscar	
  Hernandez","Houston	
  Astros®"
BCP31,"Jimmy	
  Reed","St.	
  Louis	
  Cardinals®"
BCP32,"Austin	
  Kubitza","Detroit	
  Tigers®"
BCP33,"Miguel	
  Sano","Minnesota	
  Twins®"
BCP34,"Rafael	
  Devers","Boston	
  Red	
  Sox®"
BCP35,"Harold	
  Ramirez","Pittsburgh	
  Pirates®"
BCP36,"Alex	
  Meyer","Minnesota	
  Twins®"
BCP37,"Archie	
  Bradley","Arizona	
  Diamondbacks®"
BCP38,"Tim	
  Cooney","St.	
  Louis	
  Cardinals®"
BCP39,"Jorge	
  Lopez","Milwaukee	
  BrewersTM"
BCP40,"Ryan	
  Merritt","Cleveland	
  Indians®"
BCP41,"Carlos	
  Correa","Houston	
  Astros®"
BCP42,"Rafael	
  Bautista","Washington	
  Nationals®"
BCP43,"Francisco	
  Mejia","Cleveland	
  Indians®"
BCP44,"Robert	
  Stephenson","Cincinnati	
  Reds®"
BCP45,"James	
  Dykstra","Chicago	
  White	
  Sox®"
BCP46,"Tyler	
  DeLoach",Angels®
BCP47,"Kyle	
  Lloyd","San	
  Diego	
  PadresTM"
BCP48,"Erik	
  Gonzalez","Cleveland	
  Indians®"
BCP49,"Sal	
  Romano","Cincinnati	
  Reds®"
BCP50,"Julio	
  Urias","Los	
  Angeles	
  Dodgers®"
BCP51,"Juan	
  Herrera","St.	
  Louis	
  Cardinals®"
BCP52,"Jon	
  Gray","Colorado	
  RockiesTM"
BCP53,"Corey	
  Littrell","St.	
  Louis	
  Cardinals®"
BCP54,"Chris	
  Stratton","San	
  Francisco	
  Giants®"
BCP55,"Conrad	
  Gregor","Houston	
  Astros®"
BCP56,"Hunter	
  Dozier","Kansas	
  City	
  Royals®"
BCP57,"Jantzen	
  Witte","Boston	
  Red	
  Sox®"
BCP58,"Kyle	
  Schwarber","Chicago	
  Cubs®"
BCP59,"Champ	
  Stuart","New	
  York	
  Mets®"
BCP60,"James	
  Needy","San	
  Diego	
  PadresTM"
BCP61,"Willy	
  Adames","Tampa	
  Bay	
  RaysTM"
BCP62,"Jose	
  De	
  Leon","Los	
  Angeles	
  Dodgers®"
BCP63,"Buddy	
  Borden","Pittsburgh	
  Pirates®"
BCP64,"Jordan	
  Betts","Boston	
  Red	
  Sox®"
BCP65,"Gabriel	
  Quintana","San	
  Diego	
  PadresTM"
BCP66,"Gareth	
  Morgan","Seattle	
  MarinersTM"

BCP67,"Matt	
  Andriese","Tampa	
  Bay	
  RaysTM"
BCP68,"Raimel	
  Tapia","Colorado	
  RockiesTM"
BCP69,"Drew	
  Ward","Washington	
  Nationals®"
BCP70,"Carlos	
  Asuaje","Boston	
  Red	
  Sox®"
BCP71,"Ozhaino	
  Albies","Atlanta	
  BravesTM"
BCP72,"Josh	
  Bell","Pittsburgh	
  Pirates®"
BCP73,"Kyle	
  Zimmer","Kansas	
  City	
  Royals®"
BCP74,"Greg	
  Bird","New	
  York	
  Yankees®"
BCP75,"Nick	
  Gordon","Minnesota	
  Twins®"
BCP76,"Aaron	
  Blair","Arizona	
  Diamondbacks®"
BCP77,"T.J.	
  Chism","New	
  York	
  Mets®"
BCP78,"Marcos	
  Molina","New	
  York	
  Mets®"
BCP79,"Avery	
  Romero","Miami	
  Marlins®"
BCP80,"Jose	
  Peraza","Atlanta	
  BravesTM"
BCP81,"Tim	
  Anderson","Chicago	
  White	
  Sox®"
BCP82,"Nick	
  Travieso","Cincinnati	
  Reds®"
BCP83,"Matt	
  Wisler","San	
  Diego	
  PadresTM"
BCP84,"Nick	
  Petree","St.	
  Louis	
  Cardinals®"
BCP85,"Mark	
  Appel","Houston	
  Astros®"
BCP86,"Frank	
  Schwindel","Kansas	
  City	
  Royals®"
BCP87,"Jorge	
  Mateo","New	
  York	
  Yankees®"
BCP88,"Reese	
  McGuire","Pittsburgh	
  Pirates®"
BCP89,"Tyler	
  Naquin","Cleveland	
  Indians®"
BCP90,"Nate	
  Smith",Angels®
BCP91,"Jose	
  Berrios","Minnesota	
  Twins®"
BCP92,"Henry	
  Owens","Boston	
  Red	
  Sox®"
BCP93,"Justin	
  Nicolino","Miami	
  Marlins®"
BCP94,"Jairo	
  Labourt","Toronto	
  Blue	
  Jays®"
BCP95,"Edmundo	
  Sosa","St.	
  Louis	
  Cardinals®"
BCP96,"Seth	
  Streich","Oakland	
  AthleticsTM"
BCP97,"Victor	
  Reyes","Atlanta	
  BravesTM"
BCP98,"Jhoan	
  Urena","New	
  York	
  Mets®"
BCP99,"Adam	
  Engel","Chicago	
  White	
  Sox®"
BCP100,"Kris	
  Bryant","Chicago	
  Cubs®"
BCP101,"Rio	
  Ruiz","Houston	
  Astros®"
BCP102,"Wes	
  Parsons","Atlanta	
  BravesTM"
BCP103,"Raisel	
  Iglesias","Cincinnati	
  Reds®"
BCP104,"Robert	
  Refsnyder","New	
  York	
  Yankees®"
BCP105,"Aaron	
  Slegers","Minnesota	
  Twins®"
BCP106,"Tim	
  Berry","Baltimore	
  Orioles®"
BCP107,"Nick	
  Williams","Texas	
  Rangers®"
BCP108,"Jack	
  Reinheimer","Seattle	
  MarinersTM"

BCP109,"Domingo	
  Santana","Houston	
  Astros®"
BCP110,"Chad	
  Pinder","Oakland	
  AthleticsTM"
BCP111,"Andre	
  Wheeler","Chicago	
  White	
  Sox®"
BCP112,"Chih-­-Wei	
  Hu","Minnesota	
  Twins®"
BCP113,"Gary	
  Sanchez","New	
  York	
  Yankees®"
BCP114,"Ryan	
  McMahon","Colorado	
  RockiesTM"
BCP115,"Taylor	
  Williams","Milwaukee	
  BrewersTM"
BCP116,"Nelson	
  Gomez","New	
  York	
  Yankees®"
BCP117,"Addison	
  Russell","Chicago	
  Cubs®"
BCP118,"Domingo	
  German","Miami	
  Marlins®"
BCP119,"Scott	
  Schebler","Los	
  Angeles	
  Dodgers®"
BCP120,"Joe	
  Jackson","Texas	
  Rangers®"
BCP121,"Gilbert	
  Lara","Milwaukee	
  BrewersTM"
BCP122,"Hunter	
  Renfroe","San	
  Diego	
  PadresTM"
BCP123,"Rob	
  Kaminsky","St.	
  Louis	
  Cardinals®"
BCP124,"Steven	
  Matz","New	
  York	
  Mets®"
BCP125,"Luis	
  Severino","New	
  York	
  Yankees®"
BCP126,"Austin	
  Meadows","Pittsburgh	
  Pirates®"
BCP127,"Luis	
  Heredia","Pittsburgh	
  Pirates®"
BCP128,"Victor	
  Alcantara",Angels®
BCP129,"Trevor	
  Frank","Cleveland	
  Indians®"
BCP130,"Jake	
  Johansen","Washington	
  Nationals®"
BCP131,"JaCoby	
  Jones","Pittsburgh	
  Pirates®"
BCP132,"Jake	
  Bauers","San	
  Diego	
  PadresTM"
BCP133,"Trey	
  Ball","Boston	
  Red	
  Sox®"
BCP134,"Aaron	
  Nola","Philadelphia	
  Phillies®"
BCP135,"Orlando	
  Arcia","Milwaukee	
  BrewersTM"
BCP136,"Keury	
  Mella","San	
  Francisco	
  Giants®"
BCP137,"Brett	
  Phillips","Houston	
  Astros®"
BCP138,"Mike	
  Yastrzemski","Baltimore	
  Orioles®"
BCP139,"Jose	
  Valdez","Detroit	
  Tigers®"
BCP140,"Eric	
  Haase","Cleveland	
  Indians®"
BCP141,"Jaycob	
  Brugman","Oakland	
  AthleticsTM"
BCP142,"Albert	
  Almora","Chicago	
  Cubs®"
BCP143,"Tyler	
  Wagner","Milwaukee	
  BrewersTM"
BCP144,"Francellis	
  Montas","Chicago	
  White	
  Sox®"
BCP145,"Dariel	
  Alvarez","Baltimore	
  Orioles®"
BCP146,"Raul	
  Alcantara","Oakland	
  AthleticsTM"
BCP147,"Ricardo	
  Sanchez",Angels®
BCP148,"Jarlin	
  Garcia","Miami	
  Marlins®"
BCP149,"Colin	
  Moran","Houston	
  Astros®"
BCP150,"Carlos	
  Rodon","Chicago	
  White	
  Sox®"

PAPER PROSPECTS,,
BP1,"Tyler	
  Kolek","Miami	
  Marlins®"
BP2,"Jose	
  Queliz","Arizona	
  Diamondbacks®"
BP3,"Kevin	
  Plawecki","New	
  York	
  Mets®"
BP4,"Jen-­-Ho	
  Tseng","Chicago	
  Cubs®"
BP5,"Dixon	
  Machado","Detroit	
  Tigers®"
BP6,"Pedro	
  Severino","Washington	
  Nationals®"
BP7,"Roman	
  Quinn","Philadelphia	
  Phillies®"
BP8,"A.J.	
  Cole","Washington	
  Nationals®"
BP9,"Fernando	
  Perez","San	
  Diego	
  PadresTM"
BP10,"Logan	
  Moon","Kansas	
  City	
  Royals®"
BP11,"Giovanny	
  Urshela","Cleveland	
  Indians®"
BP12,"Emerson	
  Jimenez","Colorado	
  RockiesTM"
BP13,"Dermis	
  Garcia","New	
  York	
  Yankees®"
BP14,"Marco	
  Gonzales","St.	
  Louis	
  Cardinals®"
BP15,"Jeremy	
  Rhoades",Angels®
BP16,"Joe	
  Ross","San	
  Diego	
  PadresTM"
BP17,"Trevor	
  Gott",Angels®
BP18,"Forrest	
  Wall","Colorado	
  RockiesTM"
BP19,"David	
  Dahl","Colorado	
  RockiesTM"
BP20,"Adrian	
  Sampson","Pittsburgh	
  Pirates®"
BP21,"Alex	
  Verdugo","Los	
  Angeles	
  Dodgers®"
BP22,"Williams	
  Perez","Atlanta	
  BravesTM"
BP23,"Alex	
  Reyes","St.	
  Louis	
  Cardinals®"
BP24,"Ty	
  Blach","San	
  Francisco	
  Giants®"
BP25,"Yasmany	
  Tomas","Arizona	
  Diamondbacks®"
BP26,"Hunter	
  Harvey","Baltimore	
  Orioles®"
BP27,"Touki	
  Toussaint","Arizona	
  Diamondbacks®"
BP28,"Austin	
  Voth","Washington	
  Nationals®"
BP29,"Luis	
  Lugo","Cleveland	
  Indians®"
BP30,"Teoscar	
  Hernandez","Houston	
  Astros®"
BP31,"Jimmy	
  Reed","St.	
  Louis	
  Cardinals®"
BP32,"Austin	
  Kubitza","Detroit	
  Tigers®"
BP33,"Miguel	
  Sano","Minnesota	
  Twins®"
BP34,"Rafael	
  Devers","Boston	
  Red	
  Sox®"
BP35,"Harold	
  Ramirez","Pittsburgh	
  Pirates®"
BP36,"Alex	
  Meyer","Minnesota	
  Twins®"
BP37,"Archie	
  Bradley","Arizona	
  Diamondbacks®"
BP38,"Tim	
  Cooney","St.	
  Louis	
  Cardinals®"
BP39,"Jorge	
  Lopez","Milwaukee	
  BrewersTM"
BP40,"Ryan	
  Merritt","Cleveland	
  Indians®"

BP41,"Carlos	
  Correa","Houston	
  Astros®"
BP42,"Rafael	
  Bautista","Washington	
  Nationals®"
BP43,"Francisco	
  Mejia","Cleveland	
  Indians®"
BP44,"Robert	
  Stephenson","Cincinnati	
  Reds®"
BP45,"James	
  Dykstra","Chicago	
  White	
  Sox®"
BP46,"Tyler	
  DeLoach",Angels®
BP47,"Kyle	
  Lloyd","San	
  Diego	
  PadresTM"
BP48,"Erik	
  Gonzalez","Cleveland	
  Indians®"
BP49,"Sal	
  Romano","Cincinnati	
  Reds®"
BP50,"Julio	
  Urias","Los	
  Angeles	
  Dodgers®"
BP51,"Juan	
  Herrera","St.	
  Louis	
  Cardinals®"
BP52,"Jon	
  Gray","Colorado	
  RockiesTM"
BP53,"Corey	
  Littrell","St.	
  Louis	
  Cardinals®"
BP54,"Chris	
  Stratton","San	
  Francisco	
  Giants®"
BP55,"Conrad	
  Gregor","Houston	
  Astros®"
BP56,"Hunter	
  Dozier","Kansas	
  City	
  Royals®"
BP57,"Jantzen	
  Witte","Boston	
  Red	
  Sox®"
BP58,"Kyle	
  Schwarber","Chicago	
  Cubs®"
BP59,"Champ	
  Stuart","New	
  York	
  Mets®"
BP60,"James	
  Needy","San	
  Diego	
  PadresTM"
BP61,"Willy	
  Adames","Tampa	
  Bay	
  RaysTM"
BP62,"Jose	
  De	
  Leon","Los	
  Angeles	
  Dodgers®"
BP63,"Buddy	
  Borden","Pittsburgh	
  Pirates®"
BP64,"Jordan	
  Betts","Boston	
  Red	
  Sox®"
BP65,"Gabriel	
  Quintana","San	
  Diego	
  PadresTM"
BP66,"Gareth	
  Morgan","Seattle	
  MarinersTM"
BP67,"Matt	
  Andriese","Tampa	
  Bay	
  RaysTM"
BP68,"Raimel	
  Tapia","Colorado	
  RockiesTM"
BP69,"Drew	
  Ward","Washington	
  Nationals®"
BP70,"Carlos	
  Asuaje","Boston	
  Red	
  Sox®"
BP71,"Ozhaino	
  Albies","Atlanta	
  BravesTM"
BP72,"Josh	
  Bell","Pittsburgh	
  Pirates®"
BP73,"Kyle	
  Zimmer","Kansas	
  City	
  Royals®"
BP74,"Greg	
  Bird","New	
  York	
  Yankees®"
BP75,"Nick	
  Gordon","Minnesota	
  Twins®"
BP76,"Aaron	
  Blair","Arizona	
  Diamondbacks®"
BP77,"T.J.	
  Chism","New	
  York	
  Mets®"
BP78,"Marcos	
  Molina","New	
  York	
  Mets®"
BP79,"Avery	
  Romero","Miami	
  Marlins®"
BP80,"Jose	
  Peraza","Atlanta	
  BravesTM"
BP81,"Tim	
  Anderson","Chicago	
  White	
  Sox®"
BP82,"Nick	
  Travieso","Cincinnati	
  Reds®"

BP83,"Matt	
  Wisler","San	
  Diego	
  PadresTM"
BP84,"Nick	
  Petree","St.	
  Louis	
  Cardinals®"
BP85,"Mark	
  Appel","Houston	
  Astros®"
BP86,"Frank	
  Schwindel","Kansas	
  City	
  Royals®"
BP87,"Jorge	
  Mateo","New	
  York	
  Yankees®"
BP88,"Reese	
  McGuire","Pittsburgh	
  Pirates®"
BP89,"Tyler	
  Naquin","Cleveland	
  Indians®"
BP90,"Nate	
  Smith",Angels®
BP91,"Jose	
  Berrios","Minnesota	
  Twins®"
BP92,"Henry	
  Owens","Boston	
  Red	
  Sox®"
BP93,"Justin	
  Nicolino","Miami	
  Marlins®"
BP94,"Jairo	
  Labourt","Toronto	
  Blue	
  Jays®"
BP95,"Edmundo	
  Sosa","St.	
  Louis	
  Cardinals®"
BP96,"Seth	
  Streich","Oakland	
  AthleticsTM"
BP97,"Victor	
  Reyes","Atlanta	
  BravesTM"
BP98,"Jhoan	
  Urena","New	
  York	
  Mets®"
BP99,"Adam	
  Engel","Chicago	
  White	
  Sox®"
BP100,"Kris	
  Bryant","Chicago	
  Cubs®"
BP101,"Rio	
  Ruiz","Houston	
  Astros®"
BP102,"Wes	
  Parsons","Atlanta	
  BravesTM"
BP103,"Raisel	
  Iglesias","Cincinnati	
  Reds®"
BP104,"Robert	
  Refsnyder","New	
  York	
  Yankees®"
BP105,"Aaron	
  Slegers","Minnesota	
  Twins®"
BP106,"Tim	
  Berry","Baltimore	
  Orioles®"
BP107,"Nick	
  Williams","Texas	
  Rangers®"
BP108,"Jack	
  Reinheimer","Seattle	
  MarinersTM"
BP109,"Domingo	
  Santana","Houston	
  Astros®"
BP110,"Chad	
  Pinder","Oakland	
  AthleticsTM"
BP111,"Andre	
  Wheeler","Chicago	
  White	
  Sox®"
BP112,"Chih-­-Wei	
  Hu","Minnesota	
  Twins®"
BP113,"Gary	
  Sanchez","New	
  York	
  Yankees®"
BP114,"Ryan	
  McMahon","Colorado	
  RockiesTM"
BP115,"Taylor	
  Williams","Milwaukee	
  BrewersTM"
BP116,"Nelson	
  Gomez","New	
  York	
  Yankees®"
BP117,"Addison	
  Russell","Chicago	
  Cubs®"
BP118,"Domingo	
  German","Miami	
  Marlins®"
BP119,"Scott	
  Schebler","Los	
  Angeles	
  Dodgers®"
BP120,"Joe	
  Jackson","Texas	
  Rangers®"
BP121,"Gilbert	
  Lara","Milwaukee	
  BrewersTM"
BP122,"Hunter	
  Renfroe","San	
  Diego	
  PadresTM"
BP123,"Rob	
  Kaminsky","St.	
  Louis	
  Cardinals®"
BP124,"Steven	
  Matz","New	
  York	
  Mets®"

BP125,"Luis	
  Severino","New	
  York	
  Yankees®"
BP126,"Austin	
  Meadows","Pittsburgh	
  Pirates®"
BP127,"Luis	
  Heredia","Pittsburgh	
  Pirates®"
BP128,"Victor	
  Alcantara",Angels®
BP129,"Trevor	
  Frank","Cleveland	
  Indians®"
BP130,"Jake	
  Johansen","Washington	
  Nationals®"
BP131,"JaCoby	
  Jones","Pittsburgh	
  Pirates®"
BP132,"Jake	
  Bauers","San	
  Diego	
  PadresTM"
BP133,"Trey	
  Ball","Boston	
  Red	
  Sox®"
BP134,"Aaron	
  Nola","Philadelphia	
  Phillies®"
BP135,"Orlando	
  Arcia","Milwaukee	
  BrewersTM"
BP136,"Keury	
  Mella","San	
  Francisco	
  Giants®"
BP137,"Brett	
  Phillips","Houston	
  Astros®"
BP138,"Mike	
  Yastrzemski","Baltimore	
  Orioles®"
BP139,"Jose	
  Valdez","Detroit	
  Tigers®"
BP140,"Eric	
  Haase","Cleveland	
  Indians®"
BP141,"Jaycob	
  Brugman","Oakland	
  AthleticsTM"
BP142,"Albert	
  Almora","Chicago	
  Cubs®"
BP143,"Tyler	
  Wagner","Milwaukee	
  BrewersTM"
BP144,"Francellis	
  Montas","Chicago	
  White	
  Sox®"
BP145,"Dariel	
  Alvarez","Baltimore	
  Orioles®"
BP146,"Raul	
  Alcantara","Oakland	
  AthleticsTM"
BP147,"Ricardo	
  Sanchez",Angels®
BP148,"Jarlin	
  Garcia","Miami	
  Marlins®"
BP149,"Colin	
  Moran","Houston	
  Astros®"
BP150,"Carlos	
  Rodon","Chicago	
  White	
  Sox®"
BOWMAN SCOUTS TOP 100,,
BTP-­-1,"Byron	
  Buxton","Minnesota	
  Twins®"
BTP-­-2,"Kris	
  Bryant","Chicago	
  Cubs®"
BTP-­-3,"Carlos	
  Correa","Houston	
  Astros®"
BTP-­-4,"Addison	
  Russell","Chicago	
  Cubs®"
BTP-­-5,"Daniel	
  Norris","Toronto	
  Blue	
  Jays®"
BTP-­-6,"Jorge	
  Soler","Chicago	
  Cubs®"
BTP-­-7,"Joey	
  Gallo","Texas	
  Rangers®"
BTP-­-8,"Miguel	
  Sano","Minnesota	
  Twins®"
BTP-­-9,"Noah	
  Syndergaard","New	
  York	
  Mets®"
BTP-­-10,"Lucas	
  Giolito","Washington	
  Nationals®"
BTP-­-11,"Julio	
  Urias","Los	
  Angeles	
  Dodgers®"
BTP-­-12,"Francisco	
  Lindor","Cleveland	
  Indians®"
BTP-­-13,"Carlos	
  Rodon","Chicago	
  White	
  Sox®"
BTP-­-14,"Tyler	
  Glasnow","Pittsburgh	
  Pirates®"

BTP-­-15,"Corey	
  Seager","Los	
  Angeles	
  Dodgers®"
BTP-­-16,"J.P.	
  Crawford","Philadelphia	
  Phillies®"
BTP-­-17,"Archie	
  Bradley","Arizona	
  Diamondbacks®"
BTP-­-18,"Kyle	
  Schwarber","Chicago	
  Cubs®"
BTP-­-19,"Jon	
  Gray","Colorado	
  RockiesTM"
BTP-­-20,"Tyler	
  Kolek","Miami	
  Marlins®"
BTP-­-21,"Dylan	
  Bundy","Baltimore	
  Orioles®"
BTP-­-22,"Alex	
  Jackson","Seattle	
  MarinersTM"
BTP-­-23,"Luis	
  Severino","New	
  York	
  Yankees®"
BTP-­-24,"Hunter	
  Harvey","Baltimore	
  Orioles®"
BTP-­-25,"Henry	
  Owens","Boston	
  Red	
  Sox®"
BTP-­-26,"Nick	
  Gordon","Minnesota	
  Twins®"
BTP-­-27,"Braden	
  Shipley","Arizona	
  Diamondbacks®"
BTP-­-28,"Jameson	
  Taillon","Pittsburgh	
  Pirates®"
BTP-­-29,"Michael	
  Conforto","New	
  York	
  Mets®"
BTP-­-30,"Robert	
  Stephenson","Cincinnati	
  Reds®"
BTP-­-31,"Kyle	
  Zimmer","Kansas	
  City	
  Royals®"
BTP-­-32,"Blake	
  Swihart","Boston	
  Red	
  Sox®"
BTP-­-33,"Joc	
  Pederson","Los	
  Angeles	
  Dodgers®"
BTP-­-34,"Andrew	
  Heaney",Angels®
BTP-­-35,"Jose	
  Peraza","Atlanta	
  BravesTM"
BTP-­-36,"Josh	
  Bell","Pittsburgh	
  Pirates®"
BTP-­-37,"Aaron	
  Nola","Philadelphia	
  Phillies®"
BTP-­-38,"Dalton	
  Pompey","Toronto	
  Blue	
  Jays®"
BTP-­-39,"Raul	
  Mondesi","Kansas	
  City	
  Royals®"
BTP-­-40,"Austin	
  Meadows","Pittsburgh	
  Pirates®"
BTP-­-41,"Kevin	
  Plawecki","New	
  York	
  Mets®"
BTP-­-42,"Jeff	
  Hoffman","Toronto	
  Blue	
  Jays®"
BTP-­-43,"Michael	
  Taylor","Washington	
  Nationals®"
BTP-­-44,"Mark	
  Appel","Houston	
  Astros®"
BTP-­-45,"Rusney	
  Castillo","Boston	
  Red	
  Sox®"
BTP-­-46,"Brandon	
  Finnegan","Kansas	
  City	
  Royals®"
BTP-­-47,"Marco	
  Gonzales","St.	
  Louis	
  Cardinals®"
BTP-­-48,"Kohl	
  Stewart","Minnesota	
  Twins®"
BTP-­-49,"Eduardo	
  Rodriguez","Boston	
  Red	
  Sox®"
BTP-­-50,"C.J.	
  Edwards","Chicago	
  Cubs®"
BTP-­-51,"Jose	
  Berrios","Minnesota	
  Twins®"
BTP-­-52,"Austin	
  Hedges","San	
  Diego	
  PadresTM"
BTP-­-53,"Aaron	
  Judge","New	
  York	
  Yankees®"
BTP-­-54,"D.J.	
  Peterson","Seattle	
  MarinersTM"
BTP-­-55,"Dilson	
  Herrera","New	
  York	
  Mets®"
BTP-­-56,"Aaron	
  Blair","Arizona	
  Diamondbacks®"

BTP-­-57,"Clint	
  Frazier","Cleveland	
  Indians®"
BTP-­-58,"Maikel	
  Franco","Philadelphia	
  Phillies®"
BTP-­-59,"Trea	
  Turner","San	
  Diego	
  PadresTM"
BTP-­-60,"Manuel	
  Margot","Boston	
  Red	
  Sox®"
BTP-­-61,"Alex	
  Reyes","St.	
  Louis	
  Cardinals®"
BTP-­-62,"David	
  Dahl","Colorado	
  RockiesTM"
BTP-­-63,"Reynaldo	
  Lopez","Washington	
  Nationals®"
BTP-­-64,"Daniel	
  Robertson","Oakland	
  AthleticsTM"
BTP-­-65,"Nick	
  Kingham","Pittsburgh	
  Pirates®"
BTP-­-66,"Aaron	
  Sanchez","Toronto	
  Blue	
  Jays®"
BTP-­-67,"Tim	
  Anderson","Chicago	
  White	
  Sox®"
BTP-­-68,"Eddie	
  Butler","Colorado	
  RockiesTM"
BTP-­-69,"Rafael	
  Montero","New	
  York	
  Mets®"
BTP-­-70,"Jorge	
  Alfaro","Texas	
  Rangers®"
BTP-­-71,"Matt	
  Olson","Oakland	
  AthleticsTM"
BTP-­-72,"Gary	
  Sanchez","New	
  York	
  Yankees®"
BTP-­-73,"Ozhaino	
  Albies","Atlanta	
  BravesTM"
BTP-­-74,"Garin	
  Cecchini","Boston	
  Red	
  Sox®"
BTP-­-75,"Mike	
  Foltynewicz","Houston	
  Astros®"
BTP-­-76,"Grant	
  Holmes","Los	
  Angeles	
  Dodgers®"
BTP-­-77,"Sean	
  Manaea","Kansas	
  City	
  Royals®"
BTP-­-78,"Touki	
  Toussaint","Arizona	
  Diamondbacks®"
BTP-­-79,"Tyrone	
  Taylor","Milwaukee	
  BrewersTM"
BTP-­-80,"Kyle	
  Crick","San	
  Francisco	
  Giants®"
BTP-­-81,"Max	
  Pentecost","Toronto	
  Blue	
  Jays®"
BTP-­-82,"Alex	
  Meyer","Minnesota	
  Twins®"
BTP-­-83,"Steven	
  Matz","New	
  York	
  Mets®"
BTP-­-84,"Franklin	
  Barreto","Oakland	
  AthleticsTM"
BTP-­-85,"Casey	
  Gillaspie","Tampa	
  Bay	
  RaysTM"
BTP-­-86,"Albert	
  Almora","Chicago	
  Cubs®"
BTP-­-87,"Lucas	
  Sims","Atlanta	
  BravesTM"
BTP-­-88,"Willy	
  Adames","Tampa	
  Bay	
  RaysTM"
BTP-­-89,"Derek	
  Hill","Detroit	
  Tigers®"
BTP-­-90,"Tyler	
  Beede","San	
  Francisco	
  Giants®"
BTP-­-91,"Bradley	
  Zimmer","Cleveland	
  Indians®"
BTP-­-92,"Stephen	
  Piscotty","St.	
  Louis	
  Cardinals®"
BTP-­-93,"Sean	
  Newcomb",Angels®
BTP-­-94,"Rafael	
  Devers","Boston	
  Red	
  Sox®"
BTP-­-95,"Kyle	
  Freeland","Colorado	
  RockiesTM"
BTP-­-96,"Robbie	
  Ray","Arizona	
  Diamondbacks®"
BTP-­-97,"Lance	
  McCullers","Houston	
  Astros®"
BTP-­-98,"Matt	
  Wisler","San	
  Diego	
  PadresTM"

BTP-­-99,"Luis	
  Ortiz","Texas	
  Rangers®"
BTP-­-100,"Max	
  Fried","Atlanta	
  BravesTM"
THE FARMS FINEST MINIS,,
FFM-­-AB,"Archie	
  Bradley","Arizona	
  Diamondbacks®"
FFM-­-ABL,"Aaron	
  Blair","Arizona	
  Diamondbacks®"
FFM-­-AC,"A.J.	
  Cole","Washington	
  Nationals®"
FFM-­-ADR,"Adrian	
  Rondon","Tampa	
  Bay	
  RaysTM"
FFM-­-AG,"Alex	
  Gonzalez","Texas	
  Rangers®"
FFM-­-AH,"Andrew	
  Heaney",Angels®
FFM-­-AHE,"Austin	
  Hedges","San	
  Diego	
  PadresTM"
FFM-­-AJ,"Aaron	
  Judge","New	
  York	
  Yankees®"
FFM-­-AJA,"Alex	
  Jackson","Seattle	
  MarinersTM"
FFM-­-AK,"Austin	
  Kubitza","Detroit	
  Tigers®"
FFM-­-ALB,"Alex	
  Blandino","Cincinnati	
  Reds®"
FFM-­-AM,"Austin	
  Meadows","Pittsburgh	
  Pirates®"
FFM-­-AN,"Aaron	
  Nola","Philadelphia	
  Phillies®"
FFM-­-AR,"Addison	
  Russell","Chicago	
  Cubs®"
FFM-­-ARE,"Alex	
  Reyes","St.	
  Louis	
  Cardinals®"
FFM-­-ARO,"Avery	
  Romero","Miami	
  Marlins®"
FFM-­-AS,"Aaron	
  Sanchez","Toronto	
  Blue	
  Jays®"
FFM-­-AV,"Alex	
  Verdugo","Los	
  Angeles	
  Dodgers®"
FFM-­-AVE,"Andrew	
  Velazquez","Tampa	
  Bay	
  RaysTM"
FFM-­-AW,"Austin	
  Wilson","Seattle	
  MarinersTM"
FFM-­-BB,"Byron	
  Buxton","Minnesota	
  Twins®"
FFM-­-BD,"Brandon	
  Drury","Arizona	
  Diamondbacks®"
FFM-­-BDA,"Braxton	
  Davidson","Atlanta	
  BravesTM"
FFM-­-BF,"Buck	
  Farmer","Detroit	
  Tigers®"
FFM-­-BFI,"Brandon	
  Finnegan","Kansas	
  City	
  Royals®"
FFM-­-BL,"Ben	
  Lively","Philadelphia	
  Phillies®"
FFM-­-BN,"Brandon	
  Nimmo","New	
  York	
  Mets®"
FFM-­-BS,"Braden	
  Shipley","Arizona	
  Diamondbacks®"
FFM-­-BSW,"Blake	
  Swihart","Boston	
  Red	
  Sox®"
FFM-­-BZ,"Bradley	
  Zimmer","Cleveland	
  Indians®"
FFM-­-CA,"Christian	
  Arroyo","San	
  Francisco	
  Giants®"
FFM-­-CB,"Christian	
  Binford","Kansas	
  City	
  Royals®"
FFM-­-CBL,"Clayton	
  Blackburn","San	
  Francisco	
  Giants®"
FFM-­-CC,"Carlos	
  Correa","Houston	
  Astros®"
FFM-­-CE,"C.J.	
  Edwards","Chicago	
  Cubs®"
FFM-­-CEL,"Chris	
  Ellis",Angels®
FFM-­-CF,"Clint	
  Frazier","Cleveland	
  Indians®"
FFM-­-CG,"Casey	
  Gillaspie","Tampa	
  Bay	
  RaysTM"

FFM-­-CH,"Courtney	
  Hawkins","Chicago	
  White	
  Sox®"
FFM-­-CM,"Colin	
  Moran","Houston	
  Astros®"
FFM-­-CR,"Carlos	
  Rodon","Chicago	
  White	
  Sox®"
FFM-­-CS,"Chance	
  Sisco","Baltimore	
  Orioles®"
FFM-­-CSE,"Corey	
  Seager","Los	
  Angeles	
  Dodgers®"
FFM-­-CW,"Christian	
  Walker","Baltimore	
  Orioles®"
FFM-­-DA,"Dariel	
  Alvarez","Baltimore	
  Orioles®"
FFM-­-DB,"Dylan	
  Bundy","Baltimore	
  Orioles®"
FFM-­-DD,"David	
  Dahl","Colorado	
  RockiesTM"
FFM-­-DH,"Derek	
  Hill","Detroit	
  Tigers®"
FFM-­-DN,"Daniel	
  Norris","Toronto	
  Blue	
  Jays®"
FFM-­-DO,"Dillon	
  Overton","Oakland	
  AthleticsTM"
FFM-­-DP,"D.J.	
  Peterson","Seattle	
  MarinersTM"
FFM-­-DPO,"Dalton	
  Pompey","Toronto	
  Blue	
  Jays®"
FFM-­-DR,"Daniel	
  Robertson","Oakland	
  AthleticsTM"
FFM-­-EB,"Eddie	
  Butler","Colorado	
  RockiesTM"
FFM-­-EF,"Erick	
  Fedde","Washington	
  Nationals®"
FFM-­-EJ,"Eric	
  Jagielo","New	
  York	
  Yankees®"
FFM-­-FB,"Franklin	
  Barreto","Oakland	
  AthleticsTM"
FFM-­-FL,"Francisco	
  Lindor","Cleveland	
  Indians®"
FFM-­-FM,"Francellis	
  Montas","Chicago	
  White	
  Sox®"
FFM-­-GB,"Greg	
  Bird","New	
  York	
  Yankees®"
FFM-­-GG,"Gabby	
  Guerrero","Seattle	
  MarinersTM"
FFM-­-GH,"Grant	
  Holmes","Los	
  Angeles	
  Dodgers®"
FFM-­-GS,"Gary	
  Sanchez","New	
  York	
  Yankees®"
FFM-­-HH,"Hunter	
  Harvey","Baltimore	
  Orioles®"
FFM-­-HO,"Henry	
  Owens","Boston	
  Red	
  Sox®"
FFM-­-HR,"Hunter	
  Renfroe","San	
  Diego	
  PadresTM"
FFM-­-JA,"Jorge	
  Alfaro","Texas	
  Rangers®"
FFM-­-JAG,"Jacob	
  Gatewood","Milwaukee	
  BrewersTM"
FFM-­-JB,"Jose	
  Berrios","Minnesota	
  Twins®"
FFM-­-JBE,"Josh	
  Bell","Pittsburgh	
  Pirates®"
FFM-­-JC,"J.P.	
  Crawford","Philadelphia	
  Phillies®"
FFM-­-JG,"Jon	
  Gray","Colorado	
  RockiesTM"
FFM-­-JGA,"Joe	
  Gatto",Angels®
FFM-­-JH,"Josh	
  Hader","Houston	
  Astros®"
FFM-­-JHO,"Jeff	
  Hoffman","Toronto	
  Blue	
  Jays®"
FFM-­-JJ,"JaCoby	
  Jones","Pittsburgh	
  Pirates®"
FFM-­-JN,"Justin	
  Nicolino","Miami	
  Marlins®"
FFM-­-JOG,"Joey	
  Gallo","Texas	
  Rangers®"
FFM-­-JOU,"Jose	
  Urena","Miami	
  Marlins®"
FFM-­-JP,"Jose	
  Peraza","Atlanta	
  BravesTM"

FFM-­-JPE,"Joc	
  Pederson","Los	
  Angeles	
  Dodgers®"
FFM-­-JR,"James	
  Ramsey","Cleveland	
  Indians®"
FFM-­-JRO,"Jose	
  Rondon","San	
  Diego	
  PadresTM"
FFM-­-JS,"Jorge	
  Soler","Chicago	
  Cubs®"
FFM-­-JT,"Jameson	
  Taillon","Pittsburgh	
  Pirates®"
FFM-­-JU,"Julio	
  Urias","Los	
  Angeles	
  Dodgers®"
FFM-­-JW,"Jesse	
  Winker","Cincinnati	
  Reds®"
FFM-­-JWI,"Justin	
  Williams","Tampa	
  Bay	
  RaysTM"
FFM-­-KB,"Kris	
  Bryant","Chicago	
  Cubs®"
FFM-­-KC,"Kyle	
  Crick","San	
  Francisco	
  Giants®"
FFM-­-KF,"Kyle	
  Freeland","Colorado	
  RockiesTM"
FFM-­-KM,"Kodi	
  Medeiros","Milwaukee	
  BrewersTM"
FFM-­-KME,"Keury	
  Mella","San	
  Francisco	
  Giants®"
FFM-­-KP,"Kevin	
  Plawecki","New	
  York	
  Mets®"
FFM-­-KS,"Kyle	
  Schwarber","Chicago	
  Cubs®"
FFM-­-KST,"Kohl	
  Stewart","Minnesota	
  Twins®"
FFM-­-KZ,"Kevin	
  Ziomek","Detroit	
  Tigers®"
FFM-­-KZI,"Kyle	
  Zimmer","Kansas	
  City	
  Royals®"
FFM-­-LG,"Lucas	
  Giolito","Washington	
  Nationals®"
FFM-­-LO,"Luis	
  Ortiz","Texas	
  Rangers®"
FFM-­-LS,"Lucas	
  Sims","Atlanta	
  BravesTM"
FFM-­-LSE,"Luis	
  Severino","New	
  York	
  Yankees®"
FFM-­-MA,"Mark	
  Appel","Houston	
  Astros®"
FFM-­-MC,"Michael	
  Conforto","New	
  York	
  Mets®"
FFM-­-MF,"Max	
  Fried","Atlanta	
  BravesTM"
FFM-­-MFO,"Mike	
  Foltynewicz","Houston	
  Astros®"
FFM-­-MFR,"Maikel	
  Franco","Philadelphia	
  Phillies®"
FFM-­-MG,"Marco	
  Gonzales","St.	
  Louis	
  Cardinals®"
FFM-­-MH,"Monte	
  Harrison","Milwaukee	
  BrewersTM"
FFM-­-MJ,"Micah	
  Johnson","Chicago	
  White	
  Sox®"
FFM-­-ML,"Michael	
  Lorenzen","Cincinnati	
  Reds®"
FFM-­-MM,"Manuel	
  Margot","Boston	
  Red	
  Sox®"
FFM-­-MO,"Matt	
  Olson","Oakland	
  AthleticsTM"
FFM-­-MP,"Max	
  Pentecost","Toronto	
  Blue	
  Jays®"
FFM-­-MS,"Miguel	
  Sano","Minnesota	
  Twins®"
FFM-­-MT,"Michael	
  Taylor","Washington	
  Nationals®"
FFM-­-MW,"Matt	
  Wisler","San	
  Diego	
  PadresTM"
FFM-­-NG,"Nick	
  Gordon","Minnesota	
  Twins®"
FFM-­-NM,"Nomar	
  Mazara","Texas	
  Rangers®"
FFM-­-NS,"Noah	
  Syndergaard","New	
  York	
  Mets®"
FFM-­-NT,"Nick	
  Tropeano",Angels®
FFM-­-OA,"Ozhaino	
  Albies","Atlanta	
  BravesTM"

FFM-­-OAR,"Orlando	
  Arcia","Milwaukee	
  BrewersTM"
FFM-­-PE,"Phil	
  Ervin","Cincinnati	
  Reds®"
FFM-­-PK,"Patrick	
  Kivlehan","Seattle	
  MarinersTM"
FFM-­-RC,"Rusney	
  Castillo","Boston	
  Red	
  Sox®"
FFM-­-RD,"Rafael	
  Devers","Boston	
  Red	
  Sox®"
FFM-­-RK,"Rob	
  Kaminsky","St.	
  Louis	
  Cardinals®"
FFM-­-RL,"Reynaldo	
  Lopez","Washington	
  Nationals®"
FFM-­-RM,"Raul	
  Mondesi","Kansas	
  City	
  Royals®"
FFM-­-RN,"Renato	
  Nunez","Oakland	
  AthleticsTM"
FFM-­-RQ,"Roman	
  Quinn","Philadelphia	
  Phillies®"
FFM-­-RS,"Robert	
  Stephenson","Cincinnati	
  Reds®"
FFM-­-RT,"Raimel	
  Tapia","Colorado	
  RockiesTM"
FFM-­-SM,"Steven	
  Moya","Detroit	
  Tigers®"
FFM-­-SMA,"Sean	
  Manaea","Kansas	
  City	
  Royals®"
FFM-­-SN,"Sean	
  Newcomb",Angels®
FFM-­-SP,"Stephen	
  Piscotty","St.	
  Louis	
  Cardinals®"
FFM-­-STM,"Steven	
  Matz","New	
  York	
  Mets®"
FFM-­-TA,"Tim	
  Anderson","Chicago	
  White	
  Sox®"
FFM-­-TB,"Tyler	
  Beede","San	
  Francisco	
  Giants®"
FFM-­-TC,"Tim	
  Cooney","St.	
  Louis	
  Cardinals®"
FFM-­-TG,"Tyler	
  Glasnow","Pittsburgh	
  Pirates®"
FFM-­-TK,"Tyler	
  Kolek","Miami	
  Marlins®"
FFM-­-TN,"Tyler	
  Naquin","Cleveland	
  Indians®"
FFM-­-TT,"Touki	
  Toussaint","Arizona	
  Diamondbacks®"
FFM-­-TTA,"Tyrone	
  Taylor","Milwaukee	
  BrewersTM"
FFM-­-TTU,"Trea	
  Turner","San	
  Diego	
  PadresTM"
FFM-­-TW,"Trevor	
  Williams","Miami	
  Marlins®"
FFM-­-WA,"Willy	
  Adames","Tampa	
  Bay	
  RaysTM"
ROOKIE RECOLLECTIONS,,
RRI-­-BW,"Bernie	
  Williams","New	
  York	
  Yankees®"
RRI-­-CB,"Carlos	
  Baerga","Cleveland	
  Indians®"
RRI-­-FT,"Frank	
  Thomas","Chicago	
  White	
  Sox®"
RRI-­-JG,"Juan	
  Gonzalez","Texas	
  Rangers®"
RRI-­-JO,"John	
  Olerud","Toronto	
  Blue	
  Jays®"
RRI-­-MA,"Moises	
  Alou","Pittsburgh	
  Pirates®"
RRI-­-MG,"Marquis	
  Grissom","Montreal	
  ExposTM"
2014 BOWMAN GOLDEN DEBUT CONTRACT WINNER SHORT PRINT,,
"BGC-­-JB Jim	
  Boyle New	
  York	
  Yankees®",,

RELIC CARDS,,
FUTURES GAME RELICS,,
FGR-­-AM,"Alex	
  Meyer","Minnesota	
  Twins®"
FGR-­-BS,"Braden	
  Shipley","Arizona	
  Diamondbacks®"
FGR-­-CS,"Corey	
  Seager","Los	
  Angeles	
  Dodgers®"
FGR-­-DP,"D.J.	
  Peterson","Seattle	
  MarinersTM"
FGR-­-FL,"Francisco	
  Lindor","Cleveland	
  Indians®"
FGR-­-GG,"Gabby	
  Guerrero","Seattle	
  MarinersTM"
FGR-­-HO,"Henry	
  Owens","Boston	
  Red	
  Sox®"
FGR-­-JB,"Jose	
  Berrios","Minnesota	
  Twins®"
FGR-­-JBE,"Josh	
  Bell","Pittsburgh	
  Pirates®"
FGR-­-JC,"J.P.	
  Crawford","Philadelphia	
  Phillies®"
FGR-­-JG,"Joey	
  Gallo","Texas	
  Rangers®"
FGR-­-JU,"Julio	
  Urias","Los	
  Angeles	
  Dodgers®"
FGR-­-JW,"Jesse	
  Winker","Cincinnati	
  Reds®"
FGR-­-KB,"Kris	
  Bryant","Chicago	
  Cubs®"
FGR-­-KP,"Kevin	
  Plawecki","New	
  York	
  Mets®"
FGR-­-LG,"Lucas	
  Giolito","Washington	
  Nationals®"
FGR-­-LS,"Luis	
  Severino","New	
  York	
  Yankees®"
FGR-­-RN,"Renato	
  Nunez","Oakland	
  AthleticsTM"
FGR-­-RS,"Robert	
  Stephenson","Cincinnati	
  Reds®"
FGR-­-SM,"Steven	
  Moya","Detroit	
  Tigers®"
